Type,FullName,Label
TRX,METC/Agendamento/manualTransaction,manualTransaction
TRX,METC/Agendamento/manualTransactionCkProd,manualTransactionCkProd
TRX,METC/Agendamento/manualTransactionUserActivate,manualTransactionUserActivate
TRX,METC/Agendamento/manualTransaction_agenda,manualTransaction_agenda
TRX,METC/Agendamento/manualTransaction_agendaPE,manualTransaction_agendaPE
TRX,METC/Agendamento/manualTransaction_de,manualTransaction_de
TQSQ,/METC/METC/Agendamento/nivelQuery,nivelQuery
TQSQ,/METC/METC/Agendamento/scangroupsMgntScreenQuery,scangroupsMgntScreenQuery
TQSQ,/METC/METC/Agendamento/scangroupsQuery,scangroupsQuery
TQSQ,/METC/METC/Agendamento/validarFontes,validarFontes
TQSQ,/METC/METC/Agendamento/VerificarSafra,VerificarSafra
TQSQ,/METC/METC/Agendamento/VerificarSafraAnoPE,VerificarSafraAnoPE
TQSQ,/METC/METC/Agendamento/VerificarSafraPE,VerificarSafraPE
TQSQ,/METC/METC/AP/DATASET_LAB/LAB_AnalisesPonderadas,LAB_AnalisesPonderadas
TQSQ,/METC/METC/AP/DATASET_LAB/LAB_AnPeriodoAmostraCaracteristica,LAB_AnPeriodoAmostraCaracteristica
TQSQ,/METC/METC/AP/DATASET_LAB/LAB_descricaoAmostra,LAB_descricaoAmostra
TQSQ,/METC/METC/AP/DATASET_LAB/LAB_ENSAIO_TOT,LAB_ENSAIO_TOT
TQSQ,/METC/METC/AP/DATASET_LAB/LAB_ENSAIO_TOT_INSERT,LAB_ENSAIO_TOT_INSERT
TQSQ,/METC/METC/AP/DATASET_LAB/LAB_ENSAIO_TOT_SAFRA,LAB_ENSAIO_TOT_SAFRA
TQSQ,/METC/METC/AP/DATASET_LAB/LAB_MediaDiaria,LAB_MediaDiaria
TQSQ,/METC/METC/AP/DATASET_LAB/LAB_MediaPeriodo,LAB_MediaPeriodo
TQSQ,/METC/METC/AP/DATASET_LAB/LAB_UltimaAnaliseDia,LAB_UltimaAnaliseDia
TQSQ,/METC/METC/AP/DATASET_LAB/LAB_UltimaAnaliseDia2,LAB_UltimaAnaliseDia2
TQSQ,/METC/METC/AP/DATASET_LAB/LAB_UltimaAnaliseDia_TAB,LAB_UltimaAnaliseDia_TAB
TRX,METC/AP/DATASET_MES/Trx_Lab_PesoTagPI_Geral,Trx_Lab_PesoTagPI_Geral
TQXC,/METC/METC/AP/DATASET_LAB/Xac_Lab_PesoTagPI,Xac_Lab_PesoTagPI
TQXC,/METC/METC/AP/DATASET_LAB/Xct_PIConvertToLab,Xct_PIConvertToLab
TQSQ,/METC/METC/AP/DATASET_MES/DataEntrySelectQuery,DataEntrySelectQuery
TQSQ,/METC/METC/AP/DATASET_MES/datasSafraPESelectQuery,datasSafraPESelectQuery
TQSQ,/METC/METC/AP/DATASET_MES/datasSafraSelectQuery,datasSafraSelectQuery
TQSQ,/METC/METC/AP/DATASET_MES/HorasParadaSelectQuery,HorasParadaSelectQuery
TQSQ,/METC/METC/AP/DATASET_MES/InsumosSelectQuery,InsumosSelectQuery
TQSQ,/METC/METC/AP/DATASET_MES/MES_InsumosQuery,MES_InsumosQuery
TQSQ,/METC/METC/AP/DATASET_MES/MES_PonderacaoLabTag,MES_PonderacaoLabTag
TQSQ,/METC/METC/AP/DATASET_MES/PIMS_PesoPalhaQuery,PIMS_PesoPalhaQuery
TQSQ,/METC/METC/AP/DATASET_MES/poderacaoLabMoagemSelectQuery,poderacaoLabMoagemSelectQuery
TQSQ,/METC/METC/AP/DATASET_MES/sapVarsSelectQuery,sapVarsSelectQuery
TQSQ,/METC/METC/AP/DATASET_MES/SAP_Prod,SAP_Prod
TRX,METC/AP/DATASET_MES/Trx_Horas_ParadaMoenda,Trx_Horas_ParadaMoenda
TRX,METC/AP/DATASET_MES/Trx_Lab_PesoTagPI_Totalizacao,Trx_Lab_PesoTagPI_Totalizacao
TRX,METC/AP/DATASET_MES/Trx_PonderacaoLabMoagem,Trx_PonderacaoLabMoagem
TQXC,/METC/METC/AP/DATASET_MES/Xac_Horas_ParadaMoenda,Xac_Horas_ParadaMoenda
TQXC,/METC/METC/AP/DATASET_MES/Xac_Lab_PonderacaoMoagem,Xac_Lab_PonderacaoMoagem
TQSQ,/METC/METC/AP/DATASET_METRIC/SQLQuery_Metric_N1,SQLQuery_Metric_N1
TQSQ,/METC/METC/AP/DATASET_METRIC/SQLQuery_Metric_N10,SQLQuery_Metric_N10
TQSQ,/METC/METC/AP/DATASET_METRIC/SQLQuery_Metric_N10_DiaAnterior,SQLQuery_Metric_N10_DiaAnterior
TQSQ,/METC/METC/AP/DATASET_METRIC/SQLQuery_Metric_N11,SQLQuery_Metric_N11
TQSQ,/METC/METC/AP/DATASET_METRIC/SQLQuery_Metric_N12,SQLQuery_Metric_N12
TQSQ,/METC/METC/AP/DATASET_METRIC/SQLQuery_Metric_N13,SQLQuery_Metric_N13
TQSQ,/METC/METC/AP/DATASET_METRIC/SQLQuery_Metric_N14,SQLQuery_Metric_N14
TQSQ,/METC/METC/AP/DATASET_METRIC/SQLQuery_Metric_N15,SQLQuery_Metric_N15
TQSQ,/METC/METC/AP/DATASET_METRIC/SQLQuery_Metric_N16,SQLQuery_Metric_N16
TQSQ,/METC/METC/AP/DATASET_METRIC/SQLQuery_Metric_N17,SQLQuery_Metric_N17
TQSQ,/METC/METC/AP/DATASET_METRIC/SQLQuery_Metric_N18,SQLQuery_Metric_N18
TQSQ,/METC/METC/AP/DATASET_METRIC/SQLQuery_Metric_N2,SQLQuery_Metric_N2
TQSQ,/METC/METC/AP/DATASET_METRIC/SQLQuery_Metric_N3,SQLQuery_Metric_N3
TQSQ,/METC/METC/AP/DATASET_METRIC/SQLQuery_Metric_N4,SQLQuery_Metric_N4
TQSQ,/METC/METC/AP/DATASET_METRIC/SQLQuery_Metric_N5,SQLQuery_Metric_N5
TQSQ,/METC/METC/AP/DATASET_METRIC/SQLQuery_Metric_N6,SQLQuery_Metric_N6
TQSQ,/METC/METC/AP/DATASET_METRIC/SQLQuery_Metric_N7,SQLQuery_Metric_N7
TQSQ,/METC/METC/AP/DATASET_METRIC/SQLQuery_Metric_N8,SQLQuery_Metric_N8
TQSQ,/METC/METC/AP/DATASET_METRIC/SQLQuery_Metric_N9,SQLQuery_Metric_N9
TQXC,/METC/METC/AP/DATASET_PI/Xac_ListaValorTAGNadata,Xac_ListaValorTAGNadata
TQXC,/METC/METC/AP/DATASET_PI/Xac_ListaValorTAGNadata_RI_N01,Xac_ListaValorTAGNadata_RI_N01
TRX,METC/AP/EngineCalculation,EngineCalculation
TRX,METC/AP/EngineCalculationManagementScreen,EngineCalculationManagementScreen
TRX,METC/AP/EngineCalculationPE,EngineCalculationPE
TRX,METC/AP/EngineCalculoAgendadasNova,EngineCalculoAgendadasNova
TRX,METC/AP/EngineCalculoDependecias,EngineCalculoDependecias
TRX,METC/AP/EngineGranulometry,EngineGranulometry
TRX,METC/AP/EngineGranulometryPE,EngineGranulometryPE
TRX,METC/AP/EngineLogTXT,EngineLogTXT
TRX,METC/AP/EngineMetricasDependentes,EngineMetricasDependentes
TRX,METC/AP/EngineNova_1,EngineNova_1
TRX,METC/AP/EngineNova_1PE,EngineNova_1PE
TRX,METC/AP/EngineQueryColumns,EngineQueryColumns
TRX,METC/AP/GetDadosVariavelData,GetDadosVariavelData
TRX,METC/AP/GetListaCausaEfeitoMetrica,GetListaCausaEfeitoMetrica
TRX,METC/AP/GetListaCausaEfeitoMetrica_BKP,GetListaCausaEfeitoMetrica_BKP
TRX,METC/AP/GetListaCausaEfeitoMetrica_Teste,GetListaCausaEfeitoMetrica_Teste
TRX,METC/AP/GetListaDependenciasMetricaCurrentValue,GetListaDependenciasMetricaCurrentValue
TRX,METC/AP/GetListaMetricasExistenciaCurrentValue,GetListaMetricasExistenciaCurrentValue
TRX,METC/AP/GetRecordSetFonte,GetRecordSetFonte
TRX,METC/AP/GetRecordSetFontePE,GetRecordSetFontePE
TRX,METC/AP/GetValorMedidorNaData,GetValorMedidorNaData
TRX,METC/AP/GetValorMetricaNaData,GetValorMetricaNaData
TRX,METC/AP/LogExec_LimpaLog,LogExec_LimpaLog
TRX,METC/AP/poderacaoCadastro,poderacaoCadastro
TQSQ,/METC/METC/AP/Query/AP_CadastroQueryGroups,AP_CadastroQueryGroups
TQSQ,/METC/METC/AP/Query/AP_CadastroQueryGroups1,AP_CadastroQueryGroups1
TQSQ,/METC/METC/AP/Query/AP_EstruturaMedicaoSelectQuery,AP_EstruturaMedicaoSelectQuery
TQSQ,/METC/METC/AP/Query/AP_EstruturaMetricasSelectQuery,AP_EstruturaMetricasSelectQuery
TQSQ,/METC/METC/AP/Query/AP_ExistenciaUnidadeMedidaSelectQuery,AP_ExistenciaUnidadeMedidaSelectQuery
TQSQ,/METC/METC/AP/Query/AP_GetMetricaScangroup,AP_GetMetricaScangroup
TQSQ,/METC/METC/AP/Query/Ap_GrupoExistenciaSelectQuery,Ap_GrupoExistenciaSelectQuery
TQSQ,/METC/METC/AP/Query/AP_LogsQuery,AP_LogsQuery
TQSQ,/METC/METC/AP/Query/AP_LogsRotinaQuery,AP_LogsRotinaQuery
TQSQ,/METC/METC/AP/Query/AP_ParametroExistencia,AP_ParametroExistencia
TQSQ,/METC/METC/AP/Query/AP_ParametroInsertDelete,AP_ParametroInsertDelete
TQSQ,/METC/METC/AP/Query/Ap_ParametrosDescricaoSelectQuery,Ap_ParametrosDescricaoSelectQuery
TQSQ,/METC/METC/AP/Query/Ap_ParametrosDisponiveis,Ap_ParametrosDisponiveis
TQSQ,/METC/METC/AP/Query/Ap_ParametrosExistenciaValorInsertQuery,Ap_ParametrosExistenciaValorInsertQuery
TQSQ,/METC/METC/AP/Query/Ap_ParametrosExistenciaValorSelectQuery,Ap_ParametrosExistenciaValorSelectQuery
TQSQ,/METC/METC/AP/Query/AP_PersistirMetricExpression,AP_PersistirMetricExpression
TQSQ,/METC/METC/AP/Query/BrowserTipoQuery,BrowserTipoQuery
TQXC,/METC/METC/AP/Query/EngineColumnsXacuteQuery,EngineColumnsXacuteQuery
TQXC,/METC/METC/AP/Query/EngineExpressionValidateXacuteQuery,EngineExpressionValidateXacuteQuery
TQXC,/METC/METC/AP/Query/EngineNovaXacuteQuery,EngineNovaXacuteQuery
TQSQ,/METC/METC/AP/Query/GetComentariosDaMetrica,GetComentariosDaMetrica
TQSQ,/METC/METC/AP/Query/GetDadosExistenciaMedidor,GetDadosExistenciaMedidor
TQSQ,/METC/METC/AP/Query/GetDadosMetricaNaData,GetDadosMetricaNaData
TQSQ,/METC/METC/AP/Query/GetHistoricoDaMetricaConsolidadoMensal,GetHistoricoDaMetricaConsolidadoMensal
TQSQ,/METC/METC/AP/Query/GetHistoricoDaMetricaConsolidadoMensalTransposto,GetHistoricoDaMetricaConsolidadoMensalTransposto
TQSQ,/METC/METC/AP/Query/GetHistoricoDaMetricaDispersaoMensal,GetHistoricoDaMetricaDispersaoMensal
TQSQ,/METC/METC/AP/Query/GetHistoricoDaMetricaResumoAnualMensal,GetHistoricoDaMetricaResumoAnualMensal
TQSQ,/METC/METC/AP/Query/GetHistoricoDaMetricaSimples,GetHistoricoDaMetricaSimples
TQSQ,/METC/METC/AP/Query/GetLimitesLabSelectQuery,GetLimitesLabSelectQuery
TQXC,/METC/METC/AP/Query/GetListaCausaEfeitoXacuteQuery,GetListaCausaEfeitoXacuteQuery
TQXC,/METC/METC/AP/Query/GetListaDependenciasMetricaCurrentValueXacuteQuery,GetListaDependenciasMetricaCurrentValueXacuteQuery
TQSQ,/METC/METC/AP/Query/GetListaGranulometrias,GetListaGranulometrias
TQXC,/METC/METC/AP/Query/GetListaMetricasExistenciaCurrentValueXacuteQuery,GetListaMetricasExistenciaCurrentValueXacuteQuery
TQSQ,/METC/METC/AP/Query/GetListaMetricasExistenciaSelectQuery,GetListaMetricasExistenciaSelectQuery
TQSQ,/METC/METC/AP/Query/GetMetaSelectQuery,GetMetaSelectQuery
TQSQ,/METC/METC/AP/Query/GetStartEndDayWeek,GetStartEndDayWeek
TQSQ,/METC/METC/AP/Query/GetValorMetricaNaData,GetValorMetricaNaData
TQSQ,/METC/METC/AP/Query/InsertMetricComments,InsertMetricComments
TQSQ,/METC/METC/AP/Query/LogExec_sp_limpaLog,LogExec_sp_limpaLog
TQSQ,/METC/METC/AP/Query/MConfigCategoriaSelectQuery,MConfigCategoriaSelectQuery
TQSQ,/METC/METC/AP/Query/MConfigScangroupSelectQuery,MConfigScangroupSelectQuery
TQSQ,/METC/METC/AP/Query/MesExistenciaInsertUpdateDelete,MesExistenciaInsertUpdateDelete
TQSQ,/METC/METC/AP/Query/MesExistenciaSelectedQuery,MesExistenciaSelectedQuery
TQSQ,/METC/METC/AP/Query/MES_ExistenciaIdExistenciaSelectQuery,MES_ExistenciaIdExistenciaSelectQuery
TQSQ,/METC/METC/AP/Query/MetricaExpression_EfeitosSelectQuery,MetricaExpression_EfeitosSelectQuery
TQSQ,/METC/METC/AP/Query/MetricaExpression_IDtoNameSelectQuery,MetricaExpression_IDtoNameSelectQuery
TQSQ,/METC/METC/AP/Query/MetricasDadosPISelectQuery,MetricasDadosPISelectQuery
TQSQ,/METC/METC/AP/Query/MetricasMetricDefinitionsSelectQuery,MetricasMetricDefinitionsSelectQuery
TQSQ,/METC/METC/AP/Query/Metrica_Granulometria,Metrica_Granulometria
TQSQ,/METC/METC/AP/Query/Metrica_LimitesValorSelectQuery,Metrica_LimitesValorSelectQuery
TQSQ,/METC/METC/AP/Query/Metrica_ListSelectQuery,Metrica_ListSelectQuery
TQSQ,/METC/METC/AP/Query/Metrica_ValorInsertQuery,Metrica_ValorInsertQuery
TQSQ,/METC/METC/AP/Query/MetricExpressionSelectQuery,MetricExpressionSelectQuery
TQSQ,/METC/METC/AP/Query/METRIC_INSERT_DELET_UPDATE_Ap_metricDefinitions,METRIC_INSERT_DELET_UPDATE_Ap_metricDefinitions
TQXC,/METC/METC/AP/Query/ponderacaoCadastroXacuteQuery,ponderacaoCadastroXacuteQuery
TQSQ,/METC/METC/AP/Query/ponderacaoEnsaioSelectQuery,ponderacaoEnsaioSelectQuery
TQSQ,/METC/METC/AP/Query/ponderacaoInsertQuery,ponderacaoInsertQuery
TQSQ,/METC/METC/AP/Query/ponderacaoUpdateQuery,ponderacaoUpdateQuery
TQXC,/METC/METC/AP/Query/queryViewXacuteQuery,queryViewXacuteQuery
TQSQ,/METC/METC/AP/Query/SendMailDestinationSelectQuery,SendMailDestinationSelectQuery
TQSQ,/METC/METC/AP/Query/SendMailSelectQuery,SendMailSelectQuery
TQXC,/METC/METC/AP/Query/TagListXacuteQuery,TagListXacuteQuery
TQSQ,/METC/METC/AP/Query/UpdateMetricComments,UpdateMetricComments
TQSQ,/METC/METC/AP/Query/ValDashboardSelectQuery,ValDashboardSelectQuery
TQXC,/METC/METC/AP/Query/ValIndicadorActionsXacuteQuery,ValIndicadorActionsXacuteQuery
TQSQ,/METC/METC/AP/Query/ValIndicadorAllSelectQuery,ValIndicadorAllSelectQuery
TQSQ,/METC/METC/AP/Query/ValIndicadorHistoricoCheckSelectQuery,ValIndicadorHistoricoCheckSelectQuery
TQSQ,/METC/METC/AP/Query/ValIndicadorHistoricoDeleteQuery,ValIndicadorHistoricoDeleteQuery
TQSQ,/METC/METC/AP/Query/ValIndicadorHistoricoInsertQuery,ValIndicadorHistoricoInsertQuery
TQSQ,/METC/METC/AP/Query/ValIndicadorHistoricoSelectQuery,ValIndicadorHistoricoSelectQuery
TQSQ,/METC/METC/AP/Query/ValIndicadorHistoricoUpdateQuery,ValIndicadorHistoricoUpdateQuery
TQSQ,/METC/METC/AP/Query/ValIndicadorSelectQuery,ValIndicadorSelectQuery
TQXC,/METC/METC/AP/Query/XacuteEngineGranulometryScanGroup,XacuteEngineGranulometryScanGroup
TQXC,/METC/METC/AP/Query/XacuteManualTransactionUserActivate,XacuteManualTransactionUserActivate
TRX,METC/AP/queryViewTransaction,queryViewTransaction
TQSQ,/METC/METC/AP/Query_Engine/EngineMetricAgendamentoInsertQuery,EngineMetricAgendamentoInsertQuery
TQSQ,/METC/METC/AP/Query_Engine/EngineMetricAgendamentoSelectQuery,EngineMetricAgendamentoSelectQuery
TQSQ,/METC/METC/AP/Query_Engine/EngineMetricDependentesSelectQuery,EngineMetricDependentesSelectQuery
TQSQ,/METC/METC/AP/Query_Engine/EngineMetricDistinctSelectQuery,EngineMetricDistinctSelectQuery
TQSQ,/METC/METC/AP/Query_Engine/EngineMetricDistinctSelectQuery_old,EngineMetricDistinctSelectQuery_old
TQSQ,/METC/METC/AP/Query_Engine/EngineMetricEspecificaSelectQuery,EngineMetricEspecificaSelectQuery
TQSQ,/METC/METC/AP/Query_Engine/EngineMetricExpressionInDate,EngineMetricExpressionInDate
TQSQ,/METC/METC/AP/Query_Engine/EngineMetricExpressionSelectQuery,EngineMetricExpressionSelectQuery
TQSQ,/METC/METC/AP/Query_Engine/EngineMetricGranulometryScanGroup,EngineMetricGranulometryScanGroup
TQSQ,/METC/METC/AP/Query_Engine/EngineMetricHistoryInsertQuery,EngineMetricHistoryInsertQuery
TQSQ,/METC/METC/AP/Query_Engine/EngineMetricLogInsertQuery,EngineMetricLogInsertQuery
TQSQ,/METC/METC/AP/Query_Engine/EngineMetricNivelScanGroup,EngineMetricNivelScanGroup
TQSQ,/METC/METC/AP/Query_Engine/EngineMetricPendenciasSelectQuery,EngineMetricPendenciasSelectQuery
TQSQ,/METC/METC/AP/Query_Engine/EngineMetricProcessaAgendamento,EngineMetricProcessaAgendamento
TQSQ,/METC/METC/AP/Query_Engine/EngineMetricQueryAgendamentoSelectQuery,EngineMetricQueryAgendamentoSelectQuery
TQSQ,/METC/METC/AP/Query_Engine/EngineMetricSelectQuery,EngineMetricSelectQuery
TQSQ,/METC/METC/AP/Query_Engine/EngineMetricTestaNivelMetrica,EngineMetricTestaNivelMetrica
TQSQ,/METC/METC/AP/Query_Engine/GetAcumulado,GetAcumulado
TQSQ,/METC/METC/AP/Query_Engine/GetDia,GetDia
TQSQ,/METC/METC/AP/Query_Engine/GetMes,GetMes
TQSQ,/METC/METC/AP/Query_Engine/GetMetricaDetailsInDate,GetMetricaDetailsInDate
TQSQ,/METC/METC/AP/Query_Engine/GetSemana,GetSemana
TQSQ,/METC/METC/AP/Query_Engine/queryViewGranulometrySelectQuery,queryViewGranulometrySelectQuery
TQSQ,/METC/METC/AP/Query_Engine/queryViewSelectQuery,queryViewSelectQuery
TRX,METC/AP/Sendmail,Sendmail
TRX,METC/AP/ValIndicadorActions,ValIndicadorActions
TQSQ,/METC/METC/Config/Query/DashCombo,DashCombo
TQSQ,/METC/METC/Config/Query/DashMetrics,DashMetrics
TQSQ,/METC/METC/Config/Query/DshMrcDelRecord2Command,DshMrcDelRecord2Command
TQSQ,/METC/METC/Config/Query/DshMrcDelRecordCommand,DshMrcDelRecordCommand
TQSQ,/METC/METC/Config/Query/DshMrcGetMaxRecordFixedQuery,DshMrcGetMaxRecordFixedQuery
TQSQ,/METC/METC/Config/Query/DshMrcGetRecordFixedQuery,DshMrcGetRecordFixedQuery
TQSQ,/METC/METC/Config/Query/DshMrcInsRecordCommand,DshMrcInsRecordCommand
TQSQ,/METC/METC/Config/Query/DshMrcInsRecordPeriodCommand,DshMrcInsRecordPeriodCommand
TQSQ,/METC/METC/Config/Query/DshMrcUpdRecord2Command,DshMrcUpdRecord2Command
TQSQ,/METC/METC/Config/Query/DshMrcUpdRecord3Command,DshMrcUpdRecord3Command
TQSQ,/METC/METC/Config/Query/DshMrcUpdRecord4Command,DshMrcUpdRecord4Command
TQSQ,/METC/METC/Config/Query/DshMrcUpdRecord5Command,DshMrcUpdRecord5Command
TQSQ,/METC/METC/Config/Query/DshMrcUpdRecordCommand,DshMrcUpdRecordCommand
TQXC,/METC/METC/Config/Query/DshMrcXacuteQuery,DshMrcXacuteQuery
TQSQ,/METC/METC/Config/Query/Metric,Metric
TRX,METC/Config/Transaction/DshMrc,DshMrc
TQSQ,/METC/METC/Global/Query/AP_ExistenciaCategoriaSelectQuery,AP_ExistenciaCategoriaSelectQuery
TQSQ,/METC/METC/Global/Query/AP_ExistenciaUnidadeMedidaSelectQuery,AP_ExistenciaUnidadeMedidaSelectQuery
TQSQ,/METC/METC/Global/Query/AtualizaHorasHorarioVeraoUpdateQuery,AtualizaHorasHorarioVeraoUpdateQuery
TQSQ,/METC/METC/Global/Query/GetParamMedidorLaboratorioSelectQuery,GetParamMedidorLaboratorioSelectQuery
TQSQ,/METC/METC/Global/Query/MesExistenciaGrupoSelectedQuery,MesExistenciaGrupoSelectedQuery
TQSQ,/METC/METC/Global/Query/MESTipoMedidorSelectQuery,MESTipoMedidorSelectQuery
TQSQ,/METC/METC/Global/Query/MES_MedidoresExistenciaSelectQuery,MES_MedidoresExistenciaSelectQuery
TQSQ,/METC/METC/Global/Query/MES_MetricasExistenciaProcedureInsertDelete,MES_MetricasExistenciaProcedureInsertDelete
TQSQ,/METC/METC/Global/Query/MES_MetricasExistenciaSelectQuery,MES_MetricasExistenciaSelectQuery
TQSQ,/METC/METC/Global/Query/ParamRelacionamentosGenericoSQLQuery1,ParamRelacionamentosGenericoSQLQuery1
TQSQ,/METC/METC/Global/Query/ParamRelacionamentosGenericoSQLQuery2,ParamRelacionamentosGenericoSQLQuery2
TQSQ,/METC/METC/Global/Query/RemoveRegistrosHorarioVeraoDeleteQuery,RemoveRegistrosHorarioVeraoDeleteQuery
TQSQ,/METC/METC/Global/Query/ScanGroupMetricaSelect,ScanGroupMetricaSelect
TQSQ,/METC/METC/Global/Query/ScanGroupSelect,ScanGroupSelect
TQSQ,/METC/METC/Global/Query/TreeView,TreeView
TQSQ,/METC/METC/Global/Query/TreeViewCadastro,TreeViewCadastro
TRX,METC/Global/Transaction/AtualizaHorasHorarioVerao,AtualizaHorasHorarioVerao
TQSQ,/MOBILE/MOBILE/Query/SqlMoagemUBVFixedQuery,SqlMoagemUBVFixedQuery
TQSQ,/MOBILE/MOBILE/Query/SqlMoagemUIRFixedQuery,SqlMoagemUIRFixedQuery
TQSQ,/MOBILE/MOBILE/Query/SqlMoagemUSCFixedQuery,SqlMoagemUSCFixedQuery
TQSQ,/MOBILE/MOBILE/Query/SqlMoagemUSMFixedQuery,SqlMoagemUSMFixedQuery
TQXC,/MOBILE/MOBILE/Query/TrxGeraCOIXct,TrxGeraCOIXct
TQXC,/MOBILE/MOBILE/Query/TrxMoagemUsinasXct,TrxMoagemUsinasXct
TQXC,/MOBILE/MOBILE/Query/TrxMoagemXct,TrxMoagemXct
TRX,MOBILE/Transaction/TrxMoagemUsinas,TrxMoagemUsinas
TRX,MOBILE/Transaction/TrxMoagemUsinasBKP,TrxMoagemUsinasBKP
TQSQ,/PAINEL/PAINEL/Query/SqlAvisosAtivosFixedQuery,SqlAvisosAtivosFixedQuery
TQSQ,/PAINEL/PAINEL/Query/SqlConfigGetIdGrupoFixedQuery,SqlConfigGetIdGrupoFixedQuery
TQSQ,/PAINEL/PAINEL/Query/SqlConfigListaGruposFixedQuery,SqlConfigListaGruposFixedQuery
TQSQ,/PAINEL/PAINEL/Query/SqlConfigListaGruposOrdenadosFixedQuery,SqlConfigListaGruposOrdenadosFixedQuery
TQSQ,/PAINEL/PAINEL/Query/SqlConfigListaIndicadoresPorGrupoFixedQuery,SqlConfigListaIndicadoresPorGrupoFixedQuery
TQSQ,/PAINEL/PAINEL/Query/SqlConfigListaMetricasFixedQuery,SqlConfigListaMetricasFixedQuery
TQSQ,/PAINEL/PAINEL/Query/SqlGruposIndicadoresFixedQuery,SqlGruposIndicadoresFixedQuery
TQSQ,/PAINEL/PAINEL/Query/SqlIndicadoresDestaquePeriodoFixedQuery,SqlIndicadoresDestaquePeriodoFixedQuery
TQSQ,/PAINEL/PAINEL/Query/SqlIndicadoresDestaquePorDataPeriodoIndicFixedQuery,SqlIndicadoresDestaquePorDataPeriodoIndicFixedQuery
TQSQ,/PAINEL/PAINEL/Query/SqlIndicadoresFixedQuery,SqlIndicadoresFixedQuery
TQSQ,/PAINEL/PAINEL/Query/SqlIndicadoresPorGrupoFixedQuery,SqlIndicadoresPorGrupoFixedQuery
TQSQ,/PAINEL/PAINEL/Query/SqlInformacoesPainelFixedQuery,SqlInformacoesPainelFixedQuery
TQSQ,/PAINEL/PAINEL/Query/SqlMsgAvisosPorStatusFixedQuery,SqlMsgAvisosPorStatusFixedQuery
TQSQ,/PAINEL/PAINEL/Query/SqlMsgGetIdAvisoFixedQuery,SqlMsgGetIdAvisoFixedQuery
TQXC,/PAINEL/PAINEL/Query/XctGeraInformacoesGrafico,XctGeraInformacoesGrafico
TRX,PAINEL/Transaction/TrxAvisos,TrxAvisos
TRX,PAINEL/Transaction/TrxConfigGrupos,TrxConfigGrupos
TRX,PAINEL/Transaction/TrxConfigIndicadores,TrxConfigIndicadores
TRX,PAINEL/Transaction/TrxGeraGraficos,TrxGeraGraficos
TRX,PAINEL/Transaction/TrxGeraInformacoesGrafico,TrxGeraInformacoesGrafico
TRX,PAINEL/Transaction/TrxIndicadoresDestaque,TrxIndicadoresDestaque
TRX,PAINEL/Transaction/TrxIndicadoresGrid,TrxIndicadoresGrid
TRX,PAINEL/Transaction/TrxMsgAvisos,TrxMsgAvisos
TRX,PAINEL/Transaction/ProducaoOnLine,ProducaoOnLine
TRX,PAINEL/Transaction/TrxSaveInfo,TrxSaveInfo
TQXC,/SaoMartinho/SaoMartinho/CEI/Queries/GraficoHistoricoXacuteQuery,GraficoHistoricoXacuteQuery
TQSQ,/SaoMartinho/SaoMartinho/CEI/Queries/GraficoProjecaoMetricasDadosSelectQuery,GraficoProjecaoMetricasDadosSelectQuery
TQSQ,/SaoMartinho/SaoMartinho/CEI/Queries/GraficoProjecaoMetricasSelectQuery,GraficoProjecaoMetricasSelectQuery
TQXC,/SaoMartinho/SaoMartinho/CEI/Queries/GraficoProjecaoXacuteQuery,GraficoProjecaoXacuteQuery
TQSQ,/SaoMartinho/SaoMartinho/CEI/Queries/InsumosPrevisto,InsumosPrevisto
TQSQ,/SaoMartinho/SaoMartinho/CEI/Queries/RelatorioMetricasHistoricoDiaSelectQuery,RelatorioMetricasHistoricoDiaSelectQuery
TQSQ,/SaoMartinho/SaoMartinho/CEI/Queries/RelatorioMetricasHistoricoMesSelectQuery,RelatorioMetricasHistoricoMesSelectQuery
TQSQ,/SaoMartinho/SaoMartinho/CEI/Queries/RelatorioMetricasHistoricoSemanaSelectQuery,RelatorioMetricasHistoricoSemanaSelectQuery
TQSQ,/SaoMartinho/SaoMartinho/CEI/Queries/RelatorioMetricasSelectQuery,RelatorioMetricasSelectQuery
TQXC,/SaoMartinho/SaoMartinho/CEI/Queries/RelatorioXacuteQuery,RelatorioXacuteQuery
TRX,SaoMartinho/CEI/Transactions/GraficoHistoricoTransaction,GraficoHistoricoTransaction
TRX,SaoMartinho/CEI/Transactions/GraficoProjecaoTransaction,GraficoProjecaoTransaction
TRX,SaoMartinho/CEI/Transactions/RelatorioTransaction,RelatorioTransaction
TQSQ,/SaoMartinho/SaoMartinho/CS/Queries/DashboardSelectQuery,DashboardSelectQuery
TQSQ,/SaoMartinho/SaoMartinho/CS/Queries/IndicadoresGraficoAcumuladoSelectQuery,IndicadoresGraficoAcumuladoSelectQuery
TQSQ,/SaoMartinho/SaoMartinho/CS/Queries/IndicadoresGraficoDiarioSelectQuery,IndicadoresGraficoDiarioSelectQuery
TQSQ,/SaoMartinho/SaoMartinho/CS/Queries/IndicadoresGraficoSelectQuery,IndicadoresGraficoSelectQuery
TQXC,/SaoMartinho/SaoMartinho/CS/Queries/IndicadoresGraficoXacuteQuery,IndicadoresGraficoXacuteQuery
TQSQ,/SaoMartinho/SaoMartinho/CS/Queries/IndicadoresGridAcumuladoSelectQuery,IndicadoresGridAcumuladoSelectQuery
TQSQ,/SaoMartinho/SaoMartinho/CS/Queries/IndicadoresSelectQuery,IndicadoresSelectQuery
TQSQ,/SaoMartinho/SaoMartinho/CS/Queries/SafrasSelectQuery,SafrasSelectQuery
TRX,SaoMartinho/CS/Transactions/IndicadoresGraficoTransaction,IndicadoresGraficoTransaction
TRX,SaoMartinho/CS/Transactions/IndicadoresGridTransaction,IndicadoresGridTransaction
TQSQ,/SaoMartinho/SaoMartinho/DE/Queries/DEFrequenciaSelectQuery,DEFrequenciaSelectQuery
TQSQ,/SaoMartinho/SaoMartinho/DE/Queries/DESelectQuery,DESelectQuery
TQSQ,/SaoMartinho/SaoMartinho/DE/Queries/DEUnidadeMedidaSelectQuery,DEUnidadeMedidaSelectQuery
TQSQ,/SaoMartinho/SaoMartinho/DE/Queries/DEValorDeleteQuery,DEValorDeleteQuery
TQSQ,/SaoMartinho/SaoMartinho/DE/Queries/DEValoresVariavelDeleteQuery,DEValoresVariavelDeleteQuery
TQSQ,/SaoMartinho/SaoMartinho/DE/Queries/DEValorInsertQuery,DEValorInsertQuery
TQSQ,/SaoMartinho/SaoMartinho/DE/Queries/DEValorUpdateQuery,DEValorUpdateQuery
TQSQ,/SaoMartinho/SaoMartinho/DE/Queries/DEValorVariaveisSelectQuery,DEValorVariaveisSelectQuery
TQSQ,/SaoMartinho/SaoMartinho/DE/Queries/DEVariavelDeleteQuery,DEVariavelDeleteQuery
TQSQ,/SaoMartinho/SaoMartinho/DE/Queries/DEVariavelInsertQuery,DEVariavelInsertQuery
TQSQ,/SaoMartinho/SaoMartinho/DE/Queries/DEVariavelSelectQuery,DEVariavelSelectQuery
TQSQ,/SaoMartinho/SaoMartinho/DE/Queries/DEVariavelUpdateQuery,DEVariavelUpdateQuery
TQSQ,/SaoMartinho/SaoMartinho/EC/Queries/CTCaminhaoBrowserSelectQuery,CTCaminhaoBrowserSelectQuery
TQSQ,/SaoMartinho/SaoMartinho/EC/Queries/CTDadosLiberacao,CTDadosLiberacao
TQSQ,/SaoMartinho/SaoMartinho/EC/Queries/CTFazendaBrowserSelectQuery,CTFazendaBrowserSelectQuery
TQSQ,/SaoMartinho/SaoMartinho/EC/Queries/CTTempoMedioFazenda,CTTempoMedioFazenda
TQSQ,/SaoMartinho/SaoMartinho/EC/Queries/CTTMFazendaVeiculo,CTTMFazendaVeiculo
TQSQ,/SaoMartinho/SaoMartinho/EC/Queries/CTTMResumoVeiculo,CTTMResumoVeiculo
TQSQ,/SaoMartinho/SaoMartinho/EC/Queries/ECFResumoHorario,ECFResumoHorario
TQSQ,/SaoMartinho/SaoMartinho/EC/Queries/ECFResumoTotalDiario,ECFResumoTotalDiario
TQSQ,/SaoMartinho/SaoMartinho/EC/Queries/ECResumoFrente,ECResumoFrente
TQSQ,/SaoMartinho/SaoMartinho/EC/Queries/ECResumoTurnoDia,ECResumoTurnoDia
TQSQ,/SaoMartinho/SaoMartinho/EC/Queries/HistoricoSelectQuery,HistoricoSelectQuery
TQSQ,/SaoMartinho/SaoMartinho/EC/Queries/HistoricoSelectQuery_P,HistoricoSelectQuery_P
TQXC,/SaoMartinho/SaoMartinho/EC/Queries/HistoricoXacuteQuery,HistoricoXacuteQuery
TRX,SaoMartinho/EC/Transactions/HistoricoTransaction,HistoricoTransaction
TQSQ,/SaoMartinho/SaoMartinho/EF/Query/ApontamentoDeleteQuery,ApontamentoDeleteQuery
TQSQ,/SaoMartinho/SaoMartinho/EF/Query/ApontamentoInsertQuery,ApontamentoInsertQuery
TQSQ,/SaoMartinho/SaoMartinho/EF/Query/ApontamentoRelatorioSelectQuery,ApontamentoRelatorioSelectQuery
TQSQ,/SaoMartinho/SaoMartinho/EF/Query/ApontamentoSelectQuery,ApontamentoSelectQuery
TQSQ,/SaoMartinho/SaoMartinho/EF/Query/ApontamentoUpdateQuery,ApontamentoUpdateQuery
TQSQ,/SaoMartinho/SaoMartinho/EF/Query/CategoriaComboSelectQuery,CategoriaComboSelectQuery
TQSQ,/SaoMartinho/SaoMartinho/EF/Query/CategoriaDeleteQuery,CategoriaDeleteQuery
TQSQ,/SaoMartinho/SaoMartinho/EF/Query/CategoriaInsertQuery,CategoriaInsertQuery
TQSQ,/SaoMartinho/SaoMartinho/EF/Query/CategoriaSelectQuery,CategoriaSelectQuery
TQSQ,/SaoMartinho/SaoMartinho/EF/Query/CategoriaUpdateQuery,CategoriaUpdateQuery
TQSQ,/SaoMartinho/SaoMartinho/EF/Query/EquipamentoComboSelectQuery,EquipamentoComboSelectQuery
TQSQ,/SaoMartinho/SaoMartinho/EF/Query/EquipamentoDeleteQuery,EquipamentoDeleteQuery
TQSQ,/SaoMartinho/SaoMartinho/EF/Query/EquipamentoInsertQuery,EquipamentoInsertQuery
TQSQ,/SaoMartinho/SaoMartinho/EF/Query/EquipamentoSelectQuery,EquipamentoSelectQuery
TQSQ,/SaoMartinho/SaoMartinho/EF/Query/EquipamentoUpdateQuery,EquipamentoUpdateQuery
TQSQ,/SaoMartinho/SaoMartinho/EF/Query/ObservacoesSelectQuery,ObservacoesSelectQuery
TQXC,/SaoMartinho/SaoMartinho/EF/Query/RelatorioXacuteQuery,RelatorioXacuteQuery
TQSQ,/SaoMartinho/SaoMartinho/EF/Query/SubCategoriaComboSelectQuery,SubCategoriaComboSelectQuery
TQSQ,/SaoMartinho/SaoMartinho/EF/Query/SubCategoriaInsertQuery,SubCategoriaInsertQuery
TQSQ,/SaoMartinho/SaoMartinho/EF/Query/SubCategoriaSelectQuery,SubCategoriaSelectQuery
TQSQ,/SaoMartinho/SaoMartinho/EF/Query/SubCategoriaUpdateQuery,SubCategoriaUpdateQuery
TRX,SaoMartinho/EF/Transaction/ApontamentoCommand,ApontamentoCommand
TRX,SaoMartinho/EF/Transaction/CategoriaCommand,CategoriaCommand
TRX,SaoMartinho/EF/Transaction/EquipamentoCommand,EquipamentoCommand
TRX,SaoMartinho/EF/Transaction/Relatorio,Relatorio
TRX,SaoMartinho/EF/Transaction/SubCategoriaCommand,SubCategoriaCommand
TQSQ,/SaoMartinho/SaoMartinho/GDE/Queries/CanaHistoricoSelectQuery,CanaHistoricoSelectQuery
TQXC,/SaoMartinho/SaoMartinho/GDE/Queries/IndicadorHistoricoXacuteQuery,IndicadorHistoricoXacuteQuery
TQXC,/SaoMartinho/SaoMartinho/GDE/Queries/IndicadorMobileXacuteQuery,IndicadorMobileXacuteQuery
TQXC,/SaoMartinho/SaoMartinho/GDE/Queries/IndicadorXacuteQuery,IndicadorXacuteQuery
TRX,SaoMartinho/GDE/Transactions/ChartTransaction,ChartTransaction
TRX,SaoMartinho/GDE/Transactions/GridTransaction,GridTransaction
TRX,SaoMartinho/GDE/Transactions/GridTransactionMobile,GridTransactionMobile
TQXC,/SaoMartinho/SaoMartinho/global/Queries/Ano,Ano
TQSQ,/SaoMartinho/SaoMartinho/global/Queries/AreaSelectQuery,AreaSelectQuery
TQSQ,/SaoMartinho/SaoMartinho/global/Queries/AtualizaHorasHorarioVeraoUpdateQuery,AtualizaHorasHorarioVeraoUpdateQuery
TQSQ,/SaoMartinho/SaoMartinho/global/Queries/AtualizaVersoesSafraAtualUpdateQuery,AtualizaVersoesSafraAtualUpdateQuery
TQSQ,/SaoMartinho/SaoMartinho/global/Queries/BuscaVersaoPrevistoMetaSelectQuery,BuscaVersaoPrevistoMetaSelectQuery
TQSQ,/SaoMartinho/SaoMartinho/global/Queries/BuscaVersaoPrevistoMetaSelectQueryBKP,BuscaVersaoPrevistoMetaSelectQueryBKP
TQSQ,/SaoMartinho/SaoMartinho/global/Queries/BuscaVersoesSafraAtualSelectQuery,BuscaVersoesSafraAtualSelectQuery
TQXC,/SaoMartinho/SaoMartinho/global/Queries/CalendarioGrupoXacuteQuery,CalendarioGrupoXacuteQuery
TQSQ,/SaoMartinho/SaoMartinho/global/Queries/CaracteristicasSelectQuery,CaracteristicasSelectQuery
TQSQ,/SaoMartinho/SaoMartinho/global/Queries/Centro,Centro
TQSQ,/SaoMartinho/SaoMartinho/global/Queries/ComboAreaSelectQuery,ComboAreaSelectQuery
TQSQ,/SaoMartinho/SaoMartinho/global/Queries/ComboCaracteristicaSelectQuery,ComboCaracteristicaSelectQuery
TQSQ,/SaoMartinho/SaoMartinho/global/Queries/ComboEquipamentoAllSelectQuery,ComboEquipamentoAllSelectQuery
TQSQ,/SaoMartinho/SaoMartinho/global/Queries/ComboEquipamentoSelectQuery,ComboEquipamentoSelectQuery
TQSQ,/SaoMartinho/SaoMartinho/global/Queries/ComboLocalSelectQuery,ComboLocalSelectQuery
TQSQ,/SaoMartinho/SaoMartinho/global/Queries/ComboMaterialAllSelectQuery,ComboMaterialAllSelectQuery
TQSQ,/SaoMartinho/SaoMartinho/global/Queries/ComboMaterialSelectQuery,ComboMaterialSelectQuery
TQSQ,/SaoMartinho/SaoMartinho/global/Queries/ComboTipoAllSelectQuery,ComboTipoAllSelectQuery
TQSQ,/SaoMartinho/SaoMartinho/global/Queries/ComboTipoSelectQuery,ComboTipoSelectQuery
TQXC,/SaoMartinho/SaoMartinho/global/Queries/ComboVersaoXacuteQuery,ComboVersaoXacuteQuery
TQXC,/SaoMartinho/SaoMartinho/global/Queries/ComboXacuteQuery,ComboXacuteQuery
TQSQ,/SaoMartinho/SaoMartinho/global/Queries/connDefaultMetricaUSM,connDefaultMetricaUSM
TQSQ,/SaoMartinho/SaoMartinho/global/Queries/connDefaultUBV,connDefaultUBV
TQXC,/SaoMartinho/SaoMartinho/global/Queries/Deposito,Deposito
TQSQ,/SaoMartinho/SaoMartinho/global/Queries/EDAmostraIDSelectQuery,EDAmostraIDSelectQuery
TQSQ,/SaoMartinho/SaoMartinho/global/Queries/EquipamentoSelectQuery,EquipamentoSelectQuery
TQSQ,/SaoMartinho/SaoMartinho/global/Queries/EquipamentoVigenciaPassadoSelectQuery,EquipamentoVigenciaPassadoSelectQuery
TQSQ,/SaoMartinho/SaoMartinho/global/Queries/EquipamentoVigenciaSelectQuery,EquipamentoVigenciaSelectQuery
TQSQ,/SaoMartinho/SaoMartinho/global/Queries/GetLastVersion,GetLastVersion
TQSQ,/SaoMartinho/SaoMartinho/global/Queries/GetMetasSafra,GetMetasSafra
TQSQ,/SaoMartinho/SaoMartinho/global/Queries/GetSafraDatas,GetSafraDatas
TQSQ,/SaoMartinho/SaoMartinho/global/Queries/GetTurnoFixedQuery,GetTurnoFixedQuery
TQSQ,/SaoMartinho/SaoMartinho/global/Queries/Get_Centros,Get_Centros
TQXC,/SaoMartinho/SaoMartinho/global/Queries/IndicadoresXacuteQuery,IndicadoresXacuteQuery
TQXC,/SaoMartinho/SaoMartinho/global/Queries/IndicadorVolumeXacuteQuery,IndicadorVolumeXacuteQuery
TQSQ,/SaoMartinho/SaoMartinho/global/Queries/Insert_Plano_Meta,Insert_Plano_Meta
TQSQ,/SaoMartinho/SaoMartinho/global/Queries/Insert_Plano_Safra,Insert_Plano_Safra
TQSQ,/SaoMartinho/SaoMartinho/global/Queries/LocalSelectQuery,LocalSelectQuery
TQSQ,/SaoMartinho/SaoMartinho/global/Queries/LocalVigenciaPassadoSelectQuery,LocalVigenciaPassadoSelectQuery
TQSQ,/SaoMartinho/SaoMartinho/global/Queries/LocalVigenciaSelectQuery,LocalVigenciaSelectQuery
TQSQ,/SaoMartinho/SaoMartinho/global/Queries/Material,Material
TQSQ,/SaoMartinho/SaoMartinho/global/Queries/MaterialSelectQuery,MaterialSelectQuery
TQSQ,/SaoMartinho/SaoMartinho/global/Queries/MaterialVigenciaPassadoSelectQuery,MaterialVigenciaPassadoSelectQuery
TQSQ,/SaoMartinho/SaoMartinho/global/Queries/MaterialVigenciaSelectQuery,MaterialVigenciaSelectQuery
TQSQ,/SaoMartinho/SaoMartinho/global/Queries/PlanoFormulaQuery,PlanoFormulaQuery
TQSQ,/SaoMartinho/SaoMartinho/global/Queries/PlanoFormulaSafraDay,PlanoFormulaSafraDay
TQSQ,/SaoMartinho/SaoMartinho/global/Queries/PlanoFormulaSafraMeta,PlanoFormulaSafraMeta
TQSQ,/SaoMartinho/SaoMartinho/global/Queries/PlanoFormulaSafraWeekMonth,PlanoFormulaSafraWeekMonth
TQXC,/SaoMartinho/SaoMartinho/global/Queries/PlanoGraficoHistoricoXacuteQuery,PlanoGraficoHistoricoXacuteQuery
TQSQ,/SaoMartinho/SaoMartinho/global/Queries/PlanoGraficoProjecaoMetricasDadosSelectQuery,PlanoGraficoProjecaoMetricasDadosSelectQuery
TQSQ,/SaoMartinho/SaoMartinho/global/Queries/PlanoGraficoProjecaoMetricasSelectQuery,PlanoGraficoProjecaoMetricasSelectQuery
TQXC,/SaoMartinho/SaoMartinho/global/Queries/PlanoGraficoProjecaoXacuteQuery,PlanoGraficoProjecaoXacuteQuery
TQSQ,/SaoMartinho/SaoMartinho/global/Queries/PlanoGrupoFormulaPRCGraficoSelectQuery,PlanoGrupoFormulaPRCGraficoSelectQuery
TQSQ,/SaoMartinho/SaoMartinho/global/Queries/PlanoGrupoFormulaPRCSelectQuery,PlanoGrupoFormulaPRCSelectQuery
TQXC,/SaoMartinho/SaoMartinho/global/Queries/PlanoGrupoGraficoHistoricoXacuteQuery,PlanoGrupoGraficoHistoricoXacuteQuery
TQSQ,/SaoMartinho/SaoMartinho/global/Queries/PlanoGrupoPRCGraficoSelectQuery,PlanoGrupoPRCGraficoSelectQuery
TQSQ,/SaoMartinho/SaoMartinho/global/Queries/PlanoGrupoPRCSelectQuery,PlanoGrupoPRCSelectQuery
TQSQ,/SaoMartinho/SaoMartinho/global/Queries/PlanoGrupoPRCTempSelectQuery,PlanoGrupoPRCTempSelectQuery
TQXC,/SaoMartinho/SaoMartinho/global/Queries/PlanoGrupoRelatorioTempXacuteQuery,PlanoGrupoRelatorioTempXacuteQuery
TQXC,/SaoMartinho/SaoMartinho/global/Queries/PlanoGrupoRelatorioXacuteQuery,PlanoGrupoRelatorioXacuteQuery
TQSQ,/SaoMartinho/SaoMartinho/global/Queries/PlanoRelatorioMetricasHistoricoDiaSelectQuery,PlanoRelatorioMetricasHistoricoDiaSelectQuery
TQSQ,/SaoMartinho/SaoMartinho/global/Queries/PlanoRelatorioMetricasHistoricoMesSelectQuery,PlanoRelatorioMetricasHistoricoMesSelectQuery
TQSQ,/SaoMartinho/SaoMartinho/global/Queries/PlanoRelatorioMetricasHistoricoSemanaSelectQuery,PlanoRelatorioMetricasHistoricoSemanaSelectQuery
TQSQ,/SaoMartinho/SaoMartinho/global/Queries/PlanoRelatorioMetricasSelectQuery,PlanoRelatorioMetricasSelectQuery
TQXC,/SaoMartinho/SaoMartinho/global/Queries/PlanoRelatorioXacuteQuery,PlanoRelatorioXacuteQuery
TQSQ,/SaoMartinho/SaoMartinho/global/Queries/Planta,Planta
TQSQ,/SaoMartinho/SaoMartinho/global/Queries/SafraGrupoListSelectQuery,SafraGrupoListSelectQuery
TQSQ,/SaoMartinho/SaoMartinho/global/Queries/SafraGrupoPeriodoSelectQuery,SafraGrupoPeriodoSelectQuery
TQSQ,/SaoMartinho/SaoMartinho/global/Queries/SafraInfoFimSelectQuery,SafraInfoFimSelectQuery
TQSQ,/SaoMartinho/SaoMartinho/global/Queries/SafraInfoSelectQuery,SafraInfoSelectQuery
TQXC,/SaoMartinho/SaoMartinho/global/Queries/SafraInfoXacuteQuery,SafraInfoXacuteQuery
TQSQ,/SaoMartinho/SaoMartinho/global/Queries/SafraListSelectQuery,SafraListSelectQuery
TQSQ,/SaoMartinho/SaoMartinho/global/Queries/safraPercentSelectQuery,safraPercentSelectQuery
TQSQ,/SaoMartinho/SaoMartinho/global/Queries/SafraSelectQuery,SafraSelectQuery
TQSQ,/SaoMartinho/SaoMartinho/global/Queries/Select_Plano_Meta,Select_Plano_Meta
TQSQ,/SaoMartinho/SaoMartinho/global/Queries/Select_Plano_Safra,Select_Plano_Safra
TQSQ,/SaoMartinho/SaoMartinho/global/Queries/SQL_GET_INTERFACES,SQL_GET_INTERFACES
TQSQ,/SaoMartinho/SaoMartinho/global/Queries/SQL_GET_LOGS_ERRO,SQL_GET_LOGS_ERRO
TQSQ,/SaoMartinho/SaoMartinho/global/Queries/SQL_GET_TIPOS_INTER,SQL_GET_TIPOS_INTER
TQSQ,/SaoMartinho/SaoMartinho/global/Queries/SQL_INS_INTERFACE,SQL_INS_INTERFACE
TQSQ,/SaoMartinho/SaoMartinho/global/Queries/SQL_INS_INTERFACE_LOG,SQL_INS_INTERFACE_LOG
TQSQ,/SaoMartinho/SaoMartinho/global/Queries/SQL_UPD_INTERFACE,SQL_UPD_INTERFACE
TQXC,/SaoMartinho/SaoMartinho/global/Queries/TESTE-PlanoRelatorioXacuteQuery,TESTE-PlanoRelatorioXacuteQuery
TQXC,/SaoMartinho/SaoMartinho/global/Queries/TickerAcumuladoXacuteQuery,TickerAcumuladoXacuteQuery
TQXC,/SaoMartinho/SaoMartinho/global/Queries/TickerXacuteQuery,TickerXacuteQuery
TQSQ,/SaoMartinho/SaoMartinho/global/Queries/TipoSelectQuery,TipoSelectQuery
TQSQ,/SaoMartinho/SaoMartinho/global/Queries/TipoVigenciaPassadoSelectQuery,TipoVigenciaPassadoSelectQuery
TQSQ,/SaoMartinho/SaoMartinho/global/Queries/TipoVigenciaSelectQuery,TipoVigenciaSelectQuery
TQSQ,/SaoMartinho/SaoMartinho/global/Queries/UnidadesMedida,UnidadesMedida
TQSQ,/SaoMartinho/SaoMartinho/global/Queries/UpdateDataFinalUltimaVersao,UpdateDataFinalUltimaVersao
TQSQ,/SaoMartinho/SaoMartinho/global/Queries/Update_Plano_Meta,Update_Plano_Meta
TQSQ,/SaoMartinho/SaoMartinho/global/Queries/Update_Plano_Safra,Update_Plano_Safra
TQSQ,/SaoMartinho/SaoMartinho/global/Queries/Update_Valid,Update_Valid
TQXC,/SaoMartinho/SaoMartinho/global/Queries/XacuteSafraPercent,XacuteSafraPercent
TQXC,/SaoMartinho/SaoMartinho/global/Queries/XacuteSafraPercentBB,XacuteSafraPercentBB
TQXC,/SaoMartinho/SaoMartinho/global/Queries/Xct_Centro,Xct_Centro
TQXC,/SaoMartinho/SaoMartinho/global/Queries/Xct_Material,Xct_Material
TQXC,/SaoMartinho/SaoMartinho/global/Queries/Xct_Plano_Meta,Xct_Plano_Meta
TQXC,/SaoMartinho/SaoMartinho/global/Queries/Xct_Plano_Safra,Xct_Plano_Safra
TRX,SaoMartinho/global/Transactions/Ano,Ano
TRX,SaoMartinho/global/Transactions/AtualizaHorasHorarioVerao,AtualizaHorasHorarioVerao
TRX,SaoMartinho/global/Transactions/AtualizaVersaoSafraAtual,AtualizaVersaoSafraAtual
TRX,SaoMartinho/global/Transactions/CalendarioGrupoTransaction,CalendarioGrupoTransaction
TRX,SaoMartinho/global/Transactions/Centro,Centro
TRX,SaoMartinho/global/Transactions/ComboTransaction,ComboTransaction
TRX,SaoMartinho/global/Transactions/Deposito,Deposito
TRX,SaoMartinho/global/Transactions/IndicadoresTransaction,IndicadoresTransaction
TRX,SaoMartinho/global/Transactions/IndicadorVolumeTransaction,IndicadorVolumeTransaction
TRX,SaoMartinho/global/Transactions/Material,Material
TRX,SaoMartinho/global/Transactions/outputSQLCommandXML,outputSQLCommandXML
TRX,SaoMartinho/global/Transactions/PlanoFormulaTransaction,PlanoFormulaTransaction
TRX,SaoMartinho/global/Transactions/PlanoGraficoHistoricoTransaction,PlanoGraficoHistoricoTransaction
TRX,SaoMartinho/global/Transactions/PlanoGraficoProjecaoTransaction,PlanoGraficoProjecaoTransaction
TRX,SaoMartinho/global/Transactions/PlanoGrupoGraficoHistoricoTransaction,PlanoGrupoGraficoHistoricoTransaction
TRX,SaoMartinho/global/Transactions/PlanoGrupoRelatorioTempTransaction,PlanoGrupoRelatorioTempTransaction
TRX,SaoMartinho/global/Transactions/PlanoGrupoRelatorioTransaction,PlanoGrupoRelatorioTransaction
TRX,SaoMartinho/global/Transactions/PlanoRelatorioTransaction,PlanoRelatorioTransaction
TRX,SaoMartinho/global/Transactions/PlanoRelatorioTransaction_BKP,PlanoRelatorioTransaction_BKP
TRX,SaoMartinho/global/Transactions/PlanoRelatorioTransaction_BKP_2018-06-19,PlanoRelatorioTransaction_BKP_2018-06-19
TRX,SaoMartinho/global/Transactions/SafraInfoTransaction,SafraInfoTransaction
TRX,SaoMartinho/global/Transactions/SafraInfoTransactionS,SafraInfoTransactionS
TRX,SaoMartinho/global/Transactions/TESTE-PlanoRelatorioTransaction,TESTE-PlanoRelatorioTransaction
TRX,SaoMartinho/global/Transactions/TickerAcumuladoTransaction,TickerAcumuladoTransaction
TRX,SaoMartinho/global/Transactions/TickerTransaction,TickerTransaction
TRX,SaoMartinho/global/Transactions/TickerTransaction_industrial,TickerTransaction_industrial
TRX,SaoMartinho/global/Transactions/TMP_PREVI_REAL,TMP_PREVI_REAL
TRX,SaoMartinho/global/Transactions/trxChartPeriodSafra,trxChartPeriodSafra
TRX,SaoMartinho/global/Transactions/trxSafraPercent,trxSafraPercent
TRX,SaoMartinho/global/Transactions/trxSafraPercentBB,trxSafraPercentBB
TRX,SaoMartinho/global/Transactions/trxSafraValues,trxSafraValues
TRX,SaoMartinho/global/Transactions/Upload_PlanoMeta,Upload_PlanoMeta
TRX,SaoMartinho/global/Transactions/Upload_PlanoSafra,Upload_PlanoSafra
TRX,SaoMartinho/global/Transactions/XML_LOG_ERRO,XML_LOG_ERRO
TRX,SaoMartinho/global/Transactions/XML_LOG_SEND,XML_LOG_SEND
TQSQ,/SaoMartinho/SaoMartinho/IA/Queries/GET_FRENTE,GET_FRENTE
TQSQ,/SaoMartinho/SaoMartinho/IA/Queries/GET_ULTIMA_DATA,GET_ULTIMA_DATA
TQXC,/SaoMartinho/SaoMartinho/IA/Queries/XCT_CHART_AGRICOLA,XCT_CHART_AGRICOLA
TQXC,/SaoMartinho/SaoMartinho/IA/Queries/XCT_INDICADORES_AGRICOLAS,XCT_INDICADORES_AGRICOLAS
TRX,SaoMartinho/IA/Transactions/XML_CHART_AGRICOLA,XML_CHART_AGRICOLA
TRX,SaoMartinho/IA/Transactions/XML_INDICADORES_AGRICOLAS,XML_INDICADORES_AGRICOLAS
TQSQ,/SaoMartinho/SaoMartinho/INS/Query/SqlAnoSafraFixedQuery,SqlAnoSafraFixedQuery
TQSQ,/SaoMartinho/SaoMartinho/INS/Query/SqlBuscaScanGroupsPorGruposFixedQuery,SqlBuscaScanGroupsPorGruposFixedQuery
TQSQ,/SaoMartinho/SaoMartinho/INS/Query/SqlChecaExisteValorFixedQuery,SqlChecaExisteValorFixedQuery
TQSQ,/SaoMartinho/SaoMartinho/INS/Query/SqlGrupoInsumoFixedQuery,SqlGrupoInsumoFixedQuery
TQSQ,/SaoMartinho/SaoMartinho/INS/Query/SqlInfoSafraFixedQuery,SqlInfoSafraFixedQuery
TQSQ,/SaoMartinho/SaoMartinho/INS/Query/SqlInsumoFixedQuery,SqlInsumoFixedQuery
TQSQ,/SaoMartinho/SaoMartinho/INS/Query/SqlMetricasInsumoFixedQuery,SqlMetricasInsumoFixedQuery
TQSQ,/SaoMartinho/SaoMartinho/INS/Query/SqlMetricasInsumoGraficoDiaFixedQuery,SqlMetricasInsumoGraficoDiaFixedQuery
TQSQ,/SaoMartinho/SaoMartinho/INS/Query/SqlMetricasInsumoGraficoMesFixedQuery,SqlMetricasInsumoGraficoMesFixedQuery
TQSQ,/SaoMartinho/SaoMartinho/INS/Query/SqlMetricasInsumoGraficoSemanaFixedQuery,SqlMetricasInsumoGraficoSemanaFixedQuery
TQSQ,/SaoMartinho/SaoMartinho/INS/Query/SqlValoresInsumoFixedQuery,SqlValoresInsumoFixedQuery
TQSQ,/SaoMartinho/SaoMartinho/INS/Query/SqlValoresPrevistoAnteriorInsumoFixedQuery,SqlValoresPrevistoAnteriorInsumoFixedQuery
TQXC,/SaoMartinho/SaoMartinho/INS/Query/XctInsumosGrafico,XctInsumosGrafico
TRX,SaoMartinho/INS/Transaction/TrxAtualizaInsumos,TrxAtualizaInsumos
TRX,SaoMartinho/INS/Transaction/TrxExecScan,TrxExecScan
TRX,SaoMartinho/INS/Transaction/TrxInsumos,TrxInsumos
TRX,SaoMartinho/INS/Transaction/TrxInsumosApontamento,TrxInsumosApontamento
TRX,SaoMartinho/INS/Transaction/TrxInsumosGrafico,TrxInsumosGrafico
TRX,SaoMartinho/INS/Transaction/TrxMesSafra,TrxMesSafra
TQSQ,/SaoMartinho/SaoMartinho/IPA/Queries/CadastroGrupoSelect,CadastroGrupoSelect
TQSQ,/SaoMartinho/SaoMartinho/IPA/Queries/GrupoSelectQuery,GrupoSelectQuery
TQSQ,/SaoMartinho/SaoMartinho/IPA/Queries/InsertIndicadorGrupo,InsertIndicadorGrupo
TQSQ,/SaoMartinho/SaoMartinho/IPA/Queries/persistirGrupo,persistirGrupo
TQSQ,/SaoMartinho/SaoMartinho/IPA/Queries/PlanoRelatorioMetricasHistoricoDiaSelectQuery,PlanoRelatorioMetricasHistoricoDiaSelectQuery
TQSQ,/SaoMartinho/SaoMartinho/IPA/Queries/PlanoRelatorioMetricasHistoricoMesSelectQuery,PlanoRelatorioMetricasHistoricoMesSelectQuery
TQSQ,/SaoMartinho/SaoMartinho/IPA/Queries/PlanoRelatorioMetricasHistoricoSemanaSelectQuery,PlanoRelatorioMetricasHistoricoSemanaSelectQuery
TQSQ,/SaoMartinho/SaoMartinho/IPA/Queries/PlanoRelatorioMetricasSelectQuery,PlanoRelatorioMetricasSelectQuery
TQSQ,/SaoMartinho/SaoMartinho/IPA/Queries/PlanoRelatorioMetricasSelectQueryIPA,PlanoRelatorioMetricasSelectQueryIPA
TQXC,/SaoMartinho/SaoMartinho/IPA/Queries/PlanoRelatorioXacuteQuery,PlanoRelatorioXacuteQuery
TQSQ,/SaoMartinho/SaoMartinho/IPA/Queries/QueryMetricaIn,QueryMetricaIn
TQSQ,/SaoMartinho/SaoMartinho/IPA/Queries/QueryMetricaOut,QueryMetricaOut
TRX,SaoMartinho/IPA/Transactions/PlanoRelatorioTransaction3,PlanoRelatorioTransaction3
TRX,SaoMartinho/IPA/Transactions/PlanoRelatorioTransaction_BKP,PlanoRelatorioTransaction_BKP
TRX,SaoMartinho/IPA/Transactions/PlanoRelatorioTransaction_BKP1,PlanoRelatorioTransaction_BKP1
TRX,SaoMartinho/IPA/Transactions/PlanoRelatorioTransaction,PlanoRelatorioTransaction
TQSQ,/SaoMartinho/SaoMartinho/LIXO/PainelMetasMetricSelectQuery,PainelMetasMetricSelectQuery
TQSQ,/SaoMartinho/SaoMartinho/LIXO/PlanoRelatorioMetricasHistoricoDiaSelectQuery,PlanoRelatorioMetricasHistoricoDiaSelectQuery
TQSQ,/SaoMartinho/SaoMartinho/LIXO/PlanoRelatorioMetricasHistoricoMesSelectQuery,PlanoRelatorioMetricasHistoricoMesSelectQuery
TQSQ,/SaoMartinho/SaoMartinho/LIXO/PlanoRelatorioMetricasHistoricoSemanaSelectQuery,PlanoRelatorioMetricasHistoricoSemanaSelectQuery
TRX,SaoMartinho/OSIsoft_PI/MII-PI_Interface,MII-PI_Interface
TQSQ,/SaoMartinho/SaoMartinho/OSIsoft_PI/MII-PI_Query,MII-PI_Query
TQXC,/SaoMartinho/SaoMartinho/Parada_Agricola/Queries/painelMaquinasParadasXacute,painelMaquinasParadasXacute
TQSQ,/SaoMartinho/SaoMartinho/Parada_Agricola/Queries/UBV_COMPO_MOTIV_Componente_SelectQuery,UBV_COMPO_MOTIV_Componente_SelectQuery
TQSQ,/SaoMartinho/SaoMartinho/Parada_Agricola/Queries/UBV_MAQUINA_Filtro_SelectQuery,UBV_MAQUINA_Filtro_SelectQuery
TQSQ,/SaoMartinho/SaoMartinho/Parada_Agricola/Queries/UBV_MAQUI_COMPO_Maquina_SelectQuery,UBV_MAQUI_COMPO_Maquina_SelectQuery
TQSQ,/SaoMartinho/SaoMartinho/Parada_Agricola/Queries/UBV_MAQUI_TIPO_SelectQuery,UBV_MAQUI_TIPO_SelectQuery
TQSQ,/SaoMartinho/SaoMartinho/Parada_Agricola/Queries/UBV_MOTIVO_CAUSA_Motivo_SelectQuery,UBV_MOTIVO_CAUSA_Motivo_SelectQuery
TQSQ,/SaoMartinho/SaoMartinho/Parada_Agricola/Queries/UBV_PARADA_Ins,UBV_PARADA_Ins
TQSQ,/SaoMartinho/SaoMartinho/Parada_Agricola/Queries/UBV_PARADA_MAQUINA,UBV_PARADA_MAQUINA
TQSQ,/SaoMartinho/SaoMartinho/Parada_Agricola/Queries/UBV_PARADA_Maquina_SelectQuery,UBV_PARADA_Maquina_SelectQuery
TQSQ,/SaoMartinho/SaoMartinho/Parada_Agricola/Queries/UBV_PARADA_Upd,UBV_PARADA_Upd
TRX,SaoMartinho/Parada_Agricola/Transactions/painelMaquinasParadas_new,painelMaquinasParadas_new
TQXC,/SaoMartinho/SaoMartinho/PE/Query/ComboXacuteQuery,ComboXacuteQuery
TQXC,/SaoMartinho/SaoMartinho/PE/Query/PlanoGraficoHistoricoPEXacuteQuery,PlanoGraficoHistoricoPEXacuteQuery
TQXC,/SaoMartinho/SaoMartinho/PE/Query/PlanoRelatorioPEXacuteQuery,PlanoRelatorioPEXacuteQuery
TQSQ,/SaoMartinho/SaoMartinho/PE/Query/SafraAllSelectQuery,SafraAllSelectQuery
TQXC,/SaoMartinho/SaoMartinho/PE/Query/SafraCommandXacuteQuery,SafraCommandXacuteQuery
TQSQ,/SaoMartinho/SaoMartinho/PE/Query/SafraInfoFimSelectQuery,SafraInfoFimSelectQuery
TQXC,/SaoMartinho/SaoMartinho/PE/Query/SafraInfoXacuteQuery,SafraInfoXacuteQuery
TQSQ,/SaoMartinho/SaoMartinho/PE/Query/SafraListSelectQuery,SafraListSelectQuery
TQSQ,/SaoMartinho/SaoMartinho/PE/Query/safraPercentPESelectQuery,safraPercentPESelectQuery
TQSQ,/SaoMartinho/SaoMartinho/PE/Query/SafraSelectQuery,SafraSelectQuery
TQXC,/SaoMartinho/SaoMartinho/PE/Query/XacuteSafraPercentPE,XacuteSafraPercentPE
TRX,SaoMartinho/PE/Transaction/ComboTransaction,ComboTransaction
TRX,SaoMartinho/PE/Transaction/PlanoGraficoHistoricoPETransaction,PlanoGraficoHistoricoPETransaction
TRX,SaoMartinho/PE/Transaction/PlanoRelatorioPETransaction,PlanoRelatorioPETransaction
TRX,SaoMartinho/PE/Transaction/SafraCommand,SafraCommand
TRX,SaoMartinho/PE/Transaction/SafraInfoTransaction,SafraInfoTransaction
TRX,SaoMartinho/PE/Transaction/trxSafraPercentPE,trxSafraPercentPE
TQSQ,/SaoMartinho/SaoMartinho/PNIndicadores/Query/SP_createIndicCentro,SP_createIndicCentro
TQSQ,/SaoMartinho/SaoMartinho/PNIndicadores/Query/SP_deleteIndicCentro,SP_deleteIndicCentro
TQSQ,/SaoMartinho/SaoMartinho/PNIndicadores/Query/SP_getCentro,SP_getCentro
TQSQ,/SaoMartinho/SaoMartinho/PNIndicadores/Query/SP_getDadosGrafico,SP_getDadosGrafico
TQSQ,/SaoMartinho/SaoMartinho/PNIndicadores/Query/SP_getIndicCentro,SP_getIndicCentro
TQSQ,/SaoMartinho/SaoMartinho/PNIndicadores/Query/SP_getIndicDispCentro,SP_getIndicDispCentro
TQSQ,/SaoMartinho/SaoMartinho/PNIndicadores/Query/SP_getIndicPainel,SP_getIndicPainel
TQSQ,/SaoMartinho/SaoMartinho/PNIndicadores/Query/SP_getPrevAcumIndic,SP_getPrevAcumIndic
TQSQ,/SaoMartinho/SaoMartinho/PNIndicadores/Query/SP_getRealAcumIndic,SP_getRealAcumIndic
TQSQ,/SaoMartinho/SaoMartinho/PTI/Queries/SQL_INDICADORES,SQL_INDICADORES
TQSQ,/SaoMartinho/SaoMartinho/PTI/Queries/SQL_PLAN_METAS,SQL_PLAN_METAS
TQXC,/SaoMartinho/SaoMartinho/PTI/Queries/Xct_Chart,Xct_Chart
TQXC,/SaoMartinho/SaoMartinho/PTI/Queries/Xct_Chart_Relacao,Xct_Chart_Relacao
TQXC,/SaoMartinho/SaoMartinho/PTI/Queries/XCT_GRID_GAUGES,XCT_GRID_GAUGES
TRX,SaoMartinho/PTI/Transaction/Chart,Chart
TRX,SaoMartinho/PTI/Transaction/Chart_Relacao,Chart_Relacao
TRX,SaoMartinho/PTI/Transaction/GridGauge,GridGauge
TQSQ,/SaoMartinho/SaoMartinho/Qualidade/AL/Queries/AnaliseGraficoSelectQuery,AnaliseGraficoSelectQuery
TQXC,/SaoMartinho/SaoMartinho/Qualidade/AL/Queries/AnaliseGraficoXacuteQuery,AnaliseGraficoXacuteQuery
TQSQ,/SaoMartinho/SaoMartinho/Qualidade/AL/Queries/AnaliseHorasSelectQuery,AnaliseHorasSelectQuery
TQSQ,/SaoMartinho/SaoMartinho/Qualidade/AL/Queries/AnaliseHorasSelectQueryNovo,AnaliseHorasSelectQueryNovo
TQXC,/SaoMartinho/SaoMartinho/Qualidade/AL/Queries/AnaliseRelatoriosXacuteQuery,AnaliseRelatoriosXacuteQuery
TQSQ,/SaoMartinho/SaoMartinho/Qualidade/AL/Queries/AnaliseSelectQuery,AnaliseSelectQuery
TQSQ,/SaoMartinho/SaoMartinho/Qualidade/AL/Queries/AnaliseValorSelectQuery,AnaliseValorSelectQuery
TQSQ,/SaoMartinho/SaoMartinho/Qualidade/AL/Queries/AnaliseValorSelectQueryNovo,AnaliseValorSelectQueryNovo
TQSQ,/SaoMartinho/SaoMartinho/Qualidade/AL/Queries/DesviosTurnoSelectQuery,DesviosTurnoSelectQuery
TQSQ,/SaoMartinho/SaoMartinho/Qualidade/AL/Queries/EDEnsaiosObservacoesSelectQuery,EDEnsaiosObservacoesSelectQuery
TQSQ,/SaoMartinho/SaoMartinho/Qualidade/AL/Queries/EnsaiosObservacoesSelectQuery,EnsaiosObservacoesSelectQuery
TQXC,/SaoMartinho/SaoMartinho/Qualidade/AL/Queries/ExcelExportXacuteQuery,ExcelExportXacuteQuery
TRX,SaoMartinho/Qualidade/AL/Transactions/AnaliseGraficoTransaction,AnaliseGraficoTransaction
TRX,SaoMartinho/Qualidade/AL/Transactions/AnaliseRelatoriosTransaction,AnaliseRelatoriosTransaction
TRX,SaoMartinho/Qualidade/AL/Transactions/DesviosTurnosSendMail,DesviosTurnosSendMail
TRX,SaoMartinho/Qualidade/AL/Transactions/DesviosTurnosTransaction,DesviosTurnosTransaction
TRX,SaoMartinho/Qualidade/AL/Transactions/DesviosTurnoTransaction,DesviosTurnoTransaction
TQSQ,/SaoMartinho/SaoMartinho/Qualidade/CE/Queries/AnaliseSelectQuery,AnaliseSelectQuery
TQSQ,/SaoMartinho/SaoMartinho/Qualidade/CE/Queries/AnalisesInsertQuery,AnalisesInsertQuery
TQSQ,/SaoMartinho/SaoMartinho/Qualidade/CE/Queries/AnalisesSelectQuery,AnalisesSelectQuery
TQSQ,/SaoMartinho/SaoMartinho/Qualidade/CE/Queries/AreaAllSelectQuery,AreaAllSelectQuery
TQSQ,/SaoMartinho/SaoMartinho/Qualidade/CE/Queries/AreaDeleteQuery,AreaDeleteQuery
TQSQ,/SaoMartinho/SaoMartinho/Qualidade/CE/Queries/AreaInsertQuery,AreaInsertQuery
TQSQ,/SaoMartinho/SaoMartinho/Qualidade/CE/Queries/AreaUpdateQuery,AreaUpdateQuery
TQSQ,/SaoMartinho/SaoMartinho/Qualidade/CE/Queries/CaracteristicaInsertQuery,CaracteristicaInsertQuery
TQSQ,/SaoMartinho/SaoMartinho/Qualidade/CE/Queries/CaracteristicaSelectQuery,CaracteristicaSelectQuery
TQSQ,/SaoMartinho/SaoMartinho/Qualidade/CE/Queries/CaracteristicasSelectQuery,CaracteristicasSelectQuery
TQSQ,/SaoMartinho/SaoMartinho/Qualidade/CE/Queries/CaracteristicaVariavelSelectQuery,CaracteristicaVariavelSelectQuery
TQSQ,/SaoMartinho/SaoMartinho/Qualidade/CE/Queries/EnsaioSelectQuery,EnsaioSelectQuery
TQSQ,/SaoMartinho/SaoMartinho/Qualidade/CE/Queries/EnsaiosInsertQuery,EnsaiosInsertQuery
TQSQ,/SaoMartinho/SaoMartinho/Qualidade/CE/Queries/EnsaiosSelectQuery,EnsaiosSelectQuery
TQSQ,/SaoMartinho/SaoMartinho/Qualidade/CE/Queries/EnsaioUpdateQuery,EnsaioUpdateQuery
TQSQ,/SaoMartinho/SaoMartinho/Qualidade/CE/Queries/EquipamentoAllSelectQuery,EquipamentoAllSelectQuery
TQSQ,/SaoMartinho/SaoMartinho/Qualidade/CE/Queries/EquipamentoDeleteQuery,EquipamentoDeleteQuery
TQSQ,/SaoMartinho/SaoMartinho/Qualidade/CE/Queries/EquipamentoInsertQuery,EquipamentoInsertQuery
TQSQ,/SaoMartinho/SaoMartinho/Qualidade/CE/Queries/EquipamentoMaterialInsertQuery,EquipamentoMaterialInsertQuery
TQSQ,/SaoMartinho/SaoMartinho/Qualidade/CE/Queries/EquipamentoUpdateQuery,EquipamentoUpdateQuery
TQSQ,/SaoMartinho/SaoMartinho/Qualidade/CE/Queries/FormulaInsertQuery,FormulaInsertQuery
TQSQ,/SaoMartinho/SaoMartinho/Qualidade/CE/Queries/FormulaSelectQuery,FormulaSelectQuery
TQSQ,/SaoMartinho/SaoMartinho/Qualidade/CE/Queries/FormulaUpdateQuery,FormulaUpdateQuery
TQSQ,/SaoMartinho/SaoMartinho/Qualidade/CE/Queries/FormulaVariavelDeleteQuery,FormulaVariavelDeleteQuery
TQSQ,/SaoMartinho/SaoMartinho/Qualidade/CE/Queries/FormulaVariavelInsertQuery,FormulaVariavelInsertQuery
TQSQ,/SaoMartinho/SaoMartinho/Qualidade/CE/Queries/FormulaVariavelUpdateQuery,FormulaVariavelUpdateQuery
TQXC,/SaoMartinho/SaoMartinho/Qualidade/CE/Queries/FormulaXacuteQuery,FormulaXacuteQuery
TQSQ,/SaoMartinho/SaoMartinho/Qualidade/CE/Queries/FrequenciaUpdateQuery,FrequenciaUpdateQuery
TQSQ,/SaoMartinho/SaoMartinho/Qualidade/CE/Queries/LastAnaliseSelectQuery,LastAnaliseSelectQuery
TQSQ,/SaoMartinho/SaoMartinho/Qualidade/CE/Queries/LocalAllSelectQuery,LocalAllSelectQuery
TQSQ,/SaoMartinho/SaoMartinho/Qualidade/CE/Queries/LocalDeleteQuery,LocalDeleteQuery
TQSQ,/SaoMartinho/SaoMartinho/Qualidade/CE/Queries/LocalInsertQuery,LocalInsertQuery
TQSQ,/SaoMartinho/SaoMartinho/Qualidade/CE/Queries/LocalUpdateQuery,LocalUpdateQuery
TQSQ,/SaoMartinho/SaoMartinho/Qualidade/CE/Queries/MaterialAllSelectQuery,MaterialAllSelectQuery
TQSQ,/SaoMartinho/SaoMartinho/Qualidade/CE/Queries/MaterialDeleteQuery,MaterialDeleteQuery
TQSQ,/SaoMartinho/SaoMartinho/Qualidade/CE/Queries/MaterialInsertQuery,MaterialInsertQuery
TQSQ,/SaoMartinho/SaoMartinho/Qualidade/CE/Queries/MaterialUpdateQuery,MaterialUpdateQuery
TQSQ,/SaoMartinho/SaoMartinho/Qualidade/CE/Queries/TipoDeleteQuery,TipoDeleteQuery
TQSQ,/SaoMartinho/SaoMartinho/Qualidade/CE/Queries/TipoInsertQuery,TipoInsertQuery
TQSQ,/SaoMartinho/SaoMartinho/Qualidade/CE/Queries/TipoUpdateQuery,TipoUpdateQuery
TQSQ,/SaoMartinho/SaoMartinho/Qualidade/CE/Queries/UnidadeMedidaInsertQuery,UnidadeMedidaInsertQuery
TQSQ,/SaoMartinho/SaoMartinho/Qualidade/CE/Queries/UnidadeMedidaSelectQuery,UnidadeMedidaSelectQuery
TQSQ,/SaoMartinho/SaoMartinho/Qualidade/CE/Queries/VariavelInsertQuery,VariavelInsertQuery
TQSQ,/SaoMartinho/SaoMartinho/Qualidade/CE/Queries/VariavelSelectQuery,VariavelSelectQuery
TQSQ,/SaoMartinho/SaoMartinho/Qualidade/CE/Queries/VigenciaEnsaioInsertQuery,VigenciaEnsaioInsertQuery
TQSQ,/SaoMartinho/SaoMartinho/Qualidade/CE/Queries/VigenciaEnsaioUpdateQuery,VigenciaEnsaioUpdateQuery
TQSQ,/SaoMartinho/SaoMartinho/Qualidade/CE/Queries/VigenciaInsertQuery,VigenciaInsertQuery
TQSQ,/SaoMartinho/SaoMartinho/Qualidade/CE/Queries/VigenciaUpdateQuery,VigenciaUpdateQuery
TQSQ,/SaoMartinho/SaoMartinho/Qualidade/Config/Query/GetConfig_SelectQuery,GetConfig_SelectQuery
TQSQ,/SaoMartinho/SaoMartinho/Qualidade/Config/Query/GetDataImportSelectQuery,GetDataImportSelectQuery
TQSQ,/SaoMartinho/SaoMartinho/Qualidade/Config/Query/GetEnsaiosByAmostra_SelectQuery,GetEnsaiosByAmostra_SelectQuery
TQSQ,/SaoMartinho/SaoMartinho/Qualidade/Config/Query/GetEquipamentByAreaMaterial_SelectQuery,GetEquipamentByAreaMaterial_SelectQuery
TQSQ,/SaoMartinho/SaoMartinho/Qualidade/Config/Query/GetIdLIMS_FixedQuery,GetIdLIMS_FixedQuery
TQSQ,/SaoMartinho/SaoMartinho/Qualidade/Config/Query/GetLocalByAreaMaterialEquip_SelectQuery,GetLocalByAreaMaterialEquip_SelectQuery
TQSQ,/SaoMartinho/SaoMartinho/Qualidade/Config/Query/GetMaterialByArea_SelectQuery,GetMaterialByArea_SelectQuery
TQSQ,/SaoMartinho/SaoMartinho/Qualidade/Config/Query/GetTipoByAreaMaterialEquipLocal_SelectQuery,GetTipoByAreaMaterialEquipLocal_SelectQuery
TQSQ,/SaoMartinho/SaoMartinho/Qualidade/Config/Query/InsLogCommand,InsLogCommand
TRX,SaoMartinho/Qualidade/Config/Transaction/ContentSaving,ContentSaving
TRX,SaoMartinho/Qualidade/Config/Transaction/GetDataFromLIMSFile,GetDataFromLIMSFile
TQSQ,/SaoMartinho/SaoMartinho/Qualidade/ED/Queries/EDDashboardDesviosGraficoExplodirSelectQuery,EDDashboardDesviosGraficoExplodirSelectQuery
TQSQ,/SaoMartinho/SaoMartinho/Qualidade/ED/Queries/EDDashboardDesviosGraficoSelectQuery,EDDashboardDesviosGraficoSelectQuery
TQSQ,/SaoMartinho/SaoMartinho/Qualidade/ED/Queries/EDDashboardDesviosSelectQuery,EDDashboardDesviosSelectQuery
TQSQ,/SaoMartinho/SaoMartinho/Qualidade/ED/Queries/EDDeleteLogQuery,EDDeleteLogQuery
TQSQ,/SaoMartinho/SaoMartinho/Qualidade/ED/Queries/EDDeleteQuery,EDDeleteQuery
TQSQ,/SaoMartinho/SaoMartinho/Qualidade/ED/Queries/EDEmailsTurnoSelectQuery,EDEmailsTurnoSelectQuery
TQSQ,/SaoMartinho/SaoMartinho/Qualidade/ED/Queries/EDEmailsTurnoUpdateQuery,EDEmailsTurnoUpdateQuery
TQSQ,/SaoMartinho/SaoMartinho/Qualidade/ED/Queries/EDEnsaiosObservacoesSelectQuery,EDEnsaiosObservacoesSelectQuery
TQSQ,/SaoMartinho/SaoMartinho/Qualidade/ED/Queries/EDEnsaiosSelectQuery,EDEnsaiosSelectQuery
TQSQ,/SaoMartinho/SaoMartinho/Qualidade/ED/Queries/EDHoraValorSelectQuery,EDHoraValorSelectQuery
TQSQ,/SaoMartinho/SaoMartinho/Qualidade/ED/Queries/EDIdUsuarioSelectQuery,EDIdUsuarioSelectQuery
TQSQ,/SaoMartinho/SaoMartinho/Qualidade/ED/Queries/EDInsert,EDInsert
TQSQ,/SaoMartinho/SaoMartinho/Qualidade/ED/Queries/EDInsertCheckSelectQuery,EDInsertCheckSelectQuery
TQSQ,/SaoMartinho/SaoMartinho/Qualidade/ED/Queries/EDInsertLog,EDInsertLog
TQSQ,/SaoMartinho/SaoMartinho/Qualidade/ED/Queries/EDInsertUsuarioQuery,EDInsertUsuarioQuery
TQXC,/SaoMartinho/SaoMartinho/Qualidade/ED/Queries/EDInsertXacuteQuery,EDInsertXacuteQuery
TQSQ,/SaoMartinho/SaoMartinho/Qualidade/ED/Queries/EDMediaSelectQuery,EDMediaSelectQuery
TQSQ,/SaoMartinho/SaoMartinho/Qualidade/ED/Queries/EDQualCategoriaDeleteQuery,EDQualCategoriaDeleteQuery
TQSQ,/SaoMartinho/SaoMartinho/Qualidade/ED/Queries/EDQualCategoriaInsertQuery,EDQualCategoriaInsertQuery
TQSQ,/SaoMartinho/SaoMartinho/Qualidade/ED/Queries/EDQualCategoriaSelectQuery,EDQualCategoriaSelectQuery
TQSQ,/SaoMartinho/SaoMartinho/Qualidade/ED/Queries/EDQualCategoriaUpdateQuery,EDQualCategoriaUpdateQuery
TQXC,/SaoMartinho/SaoMartinho/Qualidade/ED/Queries/EDQualCategoriaXacuteQuery,EDQualCategoriaXacuteQuery
TQSQ,/SaoMartinho/SaoMartinho/Qualidade/ED/Queries/EDQualSubCategoriaBrowserSelectQuery,EDQualSubCategoriaBrowserSelectQuery
TQSQ,/SaoMartinho/SaoMartinho/Qualidade/ED/Queries/EDQualSubCategoriaDeleteQuery,EDQualSubCategoriaDeleteQuery
TQSQ,/SaoMartinho/SaoMartinho/Qualidade/ED/Queries/EDQualSubCategoriaInsertQuery,EDQualSubCategoriaInsertQuery
TQSQ,/SaoMartinho/SaoMartinho/Qualidade/ED/Queries/EDQualSubCategoriaSelectQuery,EDQualSubCategoriaSelectQuery
TQSQ,/SaoMartinho/SaoMartinho/Qualidade/ED/Queries/EDQualSubCategoriaUpdateQuery,EDQualSubCategoriaUpdateQuery
TQXC,/SaoMartinho/SaoMartinho/Qualidade/ED/Queries/EDQualSubCategoriaXacuteQuery,EDQualSubCategoriaXacuteQuery
TQSQ,/SaoMartinho/SaoMartinho/Qualidade/ED/Queries/EDRelatorioDia2SelectQuery,EDRelatorioDia2SelectQuery
TQSQ,/SaoMartinho/SaoMartinho/Qualidade/ED/Queries/EDRelatorioDiaSelectQuery,EDRelatorioDiaSelectQuery
TQSQ,/SaoMartinho/SaoMartinho/Qualidade/ED/Queries/EDUpdateUsuario,EDUpdateUsuario
TQSQ,/SaoMartinho/SaoMartinho/Qualidade/ED/Queries/EDUpdateUsuario2,EDUpdateUsuario2
TQSQ,/SaoMartinho/SaoMartinho/Qualidade/ED/Queries/EDUpdateValor,EDUpdateValor
TQSQ,/SaoMartinho/SaoMartinho/Qualidade/ED/Queries/EDUpdateValor2,EDUpdateValor2
TQSQ,/SaoMartinho/SaoMartinho/Qualidade/ED/Queries/EDValidacaoSelectQuery,EDValidacaoSelectQuery
TQSQ,/SaoMartinho/SaoMartinho/Qualidade/ED/Queries/EDValidacaoTurnoSelectQuery,EDValidacaoTurnoSelectQuery
TQSQ,/SaoMartinho/SaoMartinho/Qualidade/ED/Queries/EDVariavelSelectQuery,EDVariavelSelectQuery
TQSQ,/SaoMartinho/SaoMartinho/Qualidade/ED/Queries/InsertMetricValue,InsertMetricValue
TQSQ,/SaoMartinho/SaoMartinho/Qualidade/ED/Queries/RDMediaSelectQuery,RDMediaSelectQuery
TQXC,/SaoMartinho/SaoMartinho/Qualidade/ED/Queries/RetornaData,RetornaData
TQSQ,/SaoMartinho/SaoMartinho/Qualidade/ED/Queries/SelectQuery,SelectQuery
TQSQ,/SaoMartinho/SaoMartinho/Qualidade/ED/Queries/TurnoSelectQuery,TurnoSelectQuery
TRX,SaoMartinho/Qualidade/ED/Transactions/APROVA_AUTOMATICO,APROVA_AUTOMATICO
TRX,SaoMartinho/Qualidade/ED/Transactions/EDQualCategoriaTransaction,EDQualCategoriaTransaction
TRX,SaoMartinho/Qualidade/ED/Transactions/EDQualSubCategoriaTransaction,EDQualSubCategoriaTransaction
TRX,SaoMartinho/Qualidade/ED/Transactions/INSERT_QUALITY,INSERT_QUALITY
TQSQ,/SaoMartinho/SaoMartinho/Qualidade/Monitor/Queries/AnaliseForaPrintQuery,AnaliseForaPrintQuery
TQSQ,/SaoMartinho/SaoMartinho/Qualidade/Monitor/Queries/AnaliseForaSelectQuery,AnaliseForaSelectQuery
TQSQ,/SaoMartinho/SaoMartinho/Qualidade/Monitor/Queries/CaracteristicaSelectQuery,CaracteristicaSelectQuery
TQSQ,/SaoMartinho/SaoMartinho/Qualidade/Monitor/Queries/MonitorDigitacaoQuery,MonitorDigitacaoQuery
TQSQ,/SaoMartinho/SaoMartinho/Qualidade/PI/Queries/ComboEquipamentoSelectQuery,ComboEquipamentoSelectQuery
TQSQ,/SaoMartinho/SaoMartinho/Qualidade/PI/Queries/ComboMaterialSelectQuery,ComboMaterialSelectQuery
TQSQ,/SaoMartinho/SaoMartinho/Qualidade/PI/Queries/ComboTipoSelectQuery,ComboTipoSelectQuery
TQXC,/SaoMartinho/SaoMartinho/Qualidade/PI/Queries/GetTagCheckXct,GetTagCheckXct
TQSQ,/SaoMartinho/SaoMartinho/Qualidade/PI/Queries/TagEnsaioInsertQuery,TagEnsaioInsertQuery
TQSQ,/SaoMartinho/SaoMartinho/Qualidade/PI/Queries/TagEnsaioSelectQuery,TagEnsaioSelectQuery
TQSQ,/SaoMartinho/SaoMartinho/Qualidade/PI/Queries/TagEnsaioUpdateQuery,TagEnsaioUpdateQuery
TQSQ,/SaoMartinho/SaoMartinho/Qualidade/PN/Queries/AreaBrowserSelectQuery,AreaBrowserSelectQuery
TQSQ,/SaoMartinho/SaoMartinho/Qualidade/PN/Queries/EnsaioBrowserSelectQuery,EnsaioBrowserSelectQuery
TQSQ,/SaoMartinho/SaoMartinho/Qualidade/PN/Queries/MaterialSubgrupoBrowserSelectQuery,MaterialSubgrupoBrowserSelectQuery
TQSQ,/SaoMartinho/SaoMartinho/Qualidade/PN/Queries/PainelAreaCaracSelectQuery,PainelAreaCaracSelectQuery
TQSQ,/SaoMartinho/SaoMartinho/Qualidade/PN/Queries/PainelCountGroupSelectQuery,PainelCountGroupSelectQuery
TQSQ,/SaoMartinho/SaoMartinho/Qualidade/PN/Queries/PainelEnsaioIDSelectQuery,PainelEnsaioIDSelectQuery
TQSQ,/SaoMartinho/SaoMartinho/Qualidade/PN/Queries/PainelEnsaioSelectQuery,PainelEnsaioSelectQuery
TQSQ,/SaoMartinho/SaoMartinho/Qualidade/PN/Queries/PainelGrupoSelectQuery,PainelGrupoSelectQuery
TQSQ,/SaoMartinho/SaoMartinho/Qualidade/PN/Queries/PainelMaterialSelectQuery,PainelMaterialSelectQuery
TQSQ,/SaoMartinho/SaoMartinho/Qualidade/PN/Queries/PainelMetasECCurrentSelectQuery,PainelMetasECCurrentSelectQuery
TQSQ,/SaoMartinho/SaoMartinho/Qualidade/PN/Queries/PainelMetasECSelectQuery,PainelMetasECSelectQuery
TQSQ,/SaoMartinho/SaoMartinho/Qualidade/PN/Queries/PainelMetasMetricSelectQuery,PainelMetasMetricSelectQuery
TQXC,/SaoMartinho/SaoMartinho/Qualidade/PN/Queries/PainelMetasXacuteQuery,PainelMetasXacuteQuery
TQSQ,/SaoMartinho/SaoMartinho/Qualidade/PN/Queries/PainelQualidadeValorSelectQuery,PainelQualidadeValorSelectQuery
TQSQ,/SaoMartinho/SaoMartinho/Qualidade/PN/Queries/PainelSubGrupoCaracSelectQuery,PainelSubGrupoCaracSelectQuery
TQSQ,/SaoMartinho/SaoMartinho/Qualidade/PN/Queries/PainelSubGrupoSelectQuery,PainelSubGrupoSelectQuery
TQSQ,/SaoMartinho/SaoMartinho/Qualidade/PN/Queries/SP_Cadastro_Caracteristica,SP_Cadastro_Caracteristica
TQSQ,/SaoMartinho/SaoMartinho/Qualidade/PN/Queries/SP_Cadastro_Ensaio,SP_Cadastro_Ensaio
TQSQ,/SaoMartinho/SaoMartinho/Qualidade/PN/Queries/SP_Cadastro_Grupo,SP_Cadastro_Grupo
TQSQ,/SaoMartinho/SaoMartinho/Qualidade/PN/Queries/SP_Cadastro_Material,SP_Cadastro_Material
TQSQ,/SaoMartinho/SaoMartinho/Qualidade/PN/Queries/SP_Cadastro_SubGrupo,SP_Cadastro_SubGrupo
TRX,SaoMartinho/Qualidade/PN/Transactions/PainelMetasTransaction,PainelMetasTransaction
TRX,SaoMartinho/Qualidade/PN/Transactions/PainelMetasTransaction_new,PainelMetasTransaction_new
TQSQ,/SaoMartinho/SaoMartinho/Qualidade/Ponderacao/Queries/AnalisesSelectQuery,AnalisesSelectQuery
TQSQ,/SaoMartinho/SaoMartinho/Qualidade/Ponderacao/Queries/AnalisesTagSelectQuery,AnalisesTagSelectQuery
TQXC,/SaoMartinho/SaoMartinho/Qualidade/Ponderacao/Queries/PonderacaoXacuteQuery,PonderacaoXacuteQuery
TQSQ,/SaoMartinho/SaoMartinho/Qualidade/Ponderacao/Queries/TagsSelectQuery,TagsSelectQuery
TRX,SaoMartinho/Qualidade/Ponderacao/Transaction/PonderacaoTransaction,PonderacaoTransaction
TQSQ,/SaoMartinho/SaoMartinho/Qualidade/REL/Query/ComboAreaSelectQuery,ComboAreaSelectQuery
TQSQ,/SaoMartinho/SaoMartinho/Qualidade/REL/Query/ComboCaracteristicaSelectQuery,ComboCaracteristicaSelectQuery
TQSQ,/SaoMartinho/SaoMartinho/Qualidade/REL/Query/ComboEquipamentoSelectQuery,ComboEquipamentoSelectQuery
TQSQ,/SaoMartinho/SaoMartinho/Qualidade/REL/Query/ComboGrupoCaracteristicaSelectQuery,ComboGrupoCaracteristicaSelectQuery
TQSQ,/SaoMartinho/SaoMartinho/Qualidade/REL/Query/ComboLocalSelectQuery,ComboLocalSelectQuery
TQSQ,/SaoMartinho/SaoMartinho/Qualidade/REL/Query/ComboMaterialSelectQuery,ComboMaterialSelectQuery
TQSQ,/SaoMartinho/SaoMartinho/Qualidade/REL/Query/ComboTipoSelectQuery,ComboTipoSelectQuery
TQSQ,/SaoMartinho/SaoMartinho/Qualidade/REL/Query/RelatorioAnalises,RelatorioAnalises
TQSQ,/SaoMartinho/SaoMartinho/Qualidade/REL/Query/RelatorioAnalises_BKP,RelatorioAnalises_BKP
TQSQ,/SaoMartinho/SaoMartinho/Qualidade/REL/Query/Turno,Turno
TQXC,/SaoMartinho/SaoMartinho/Qualidade/REL/Transaction/TrxAnalisesXct,TrxAnalisesXct
TRX,SaoMartinho/Qualidade/REL/Transaction/TrxGrupos,TrxGrupos
TRX,SaoMartinho/Qualidade/REL/Transaction/TrxRelatorioAnalises,TrxRelatorioAnalises
TQSQ,/SaoMartinho/SaoMartinho/Qualidade/SQC/Queries/AreaComboSelectQuery,AreaComboSelectQuery
TQSQ,/SaoMartinho/SaoMartinho/Qualidade/SQC/Queries/CaracteristicaComboSelectQuery,CaracteristicaComboSelectQuery
TQSQ,/SaoMartinho/SaoMartinho/Qualidade/SQC/Queries/ComboEquipamentoSelectQuery,ComboEquipamentoSelectQuery
TQSQ,/SaoMartinho/SaoMartinho/Qualidade/SQC/Queries/ComboMaterialSelectQuery,ComboMaterialSelectQuery
TQSQ,/SaoMartinho/SaoMartinho/Qualidade/SQC/Queries/ComboTipoSelectQuery,ComboTipoSelectQuery
TQSQ,/SaoMartinho/SaoMartinho/Qualidade/SQC/Queries/CustonChartSelectQuery,CustonChartSelectQuery
TQSQ,/SaoMartinho/SaoMartinho/Qualidade/SQC/Queries/LimitesSelectQuery,LimitesSelectQuery
TQSQ,/SaoMartinho/SaoMartinho/Qualidade/SQC/Queries/PieChartSelectQuery,PieChartSelectQuery
TQSQ,/SaoMartinho/SaoMartinho/Qualidade/SQC/Queries/PointCommentsSelectQuery,PointCommentsSelectQuery
TQSQ,/SaoMartinho/SaoMartinho/Qualidade/SQC/Queries/PointDataSelectQuery,PointDataSelectQuery
TQSQ,/SaoMartinho/SaoMartinho/Qualidade/SQC/Queries/ResultadosSelectQuery,ResultadosSelectQuery
TQXC,/SaoMartinho/SaoMartinho/RBD/Queries/AtualizaJustificativaXacute,AtualizaJustificativaXacute
TQSQ,/SaoMartinho/SaoMartinho/RBD/Queries/JustificativaInsertQuery,JustificativaInsertQuery
TQSQ,/SaoMartinho/SaoMartinho/RBD/Queries/JustificativaSelectQuery,JustificativaSelectQuery
TQSQ,/SaoMartinho/SaoMartinho/RBD/Queries/JustificativaUpdateQuery,JustificativaUpdateQuery
TRX,SaoMartinho/RBD/Transactions/AtualizaJustificativa,AtualizaJustificativa
TQSQ,/SaoMartinho/SaoMartinho/REL/Queries/MetricaBalancoARTSelectQuery,MetricaBalancoARTSelectQuery
TQXC,/SaoMartinho/SaoMartinho/REL/Queries/RELBartARTXct,RELBartARTXct
TQSQ,/SaoMartinho/SaoMartinho/REL/Queries/RendimentoFermentativoSelectQuery,RendimentoFermentativoSelectQuery
TQXC,/SaoMartinho/SaoMartinho/REL/Queries/XacuteRelatorioExterno,XacuteRelatorioExterno
TQXC,/SaoMartinho/SaoMartinho/REL/Queries/XacuteRelatorioIndustrial,XacuteRelatorioIndustrial
TRX,SaoMartinho/REL/Transactions/RelatorioExterno,RelatorioExterno
TRX,SaoMartinho/REL/Transactions/RELBartARTTrx,RELBartARTTrx
TRX,SaoMartinho/REL/Transactions/trxRelatorioIndustrial,trxRelatorioIndustrial
TRX,SaoMartinho/SAP/NewInsumos/CadastroPrevisao/materiaInsumoGetMetrica,materiaInsumoGetMetrica
TRX,SaoMartinho/SAP/NewInsumos/CadastroPrevisao/safraPrevistoGetData,safraPrevistoGetData
TQXC,/SaoMartinho/SaoMartinho/SAP/NewInsumos/CadastroPrevisao/xCtsafraPrevistoGetData,xCtsafraPrevistoGetData
TQXC,/SaoMartinho/SaoMartinho/SAP/NewInsumos/CadastroPrevisao/xCtsafraPrevistoGetMetrica,xCtsafraPrevistoGetMetrica
TQXC,/SaoMartinho/SaoMartinho/SAP/NewInsumos/CadastroPrevisao/Xct_Ins_Upd_Insumos_Previsto,Xct_Ins_Upd_Insumos_Previsto
TQSQ,/SaoMartinho/SaoMartinho/SAP/NewInsumos/GlobalQueries/cCustoBrowser,cCustoBrowser
TQSQ,/SaoMartinho/SaoMartinho/SAP/NewInsumos/GlobalQueries/DepositoBrowser,DepositoBrowser
TQSQ,/SaoMartinho/SaoMartinho/SAP/NewInsumos/GlobalQueries/MaterialBrowser,MaterialBrowser
TQSQ,/SaoMartinho/SaoMartinho/SAP/NewInsumos/GlobalQueries/PlantaBrowser,PlantaBrowser
TQSQ,/SaoMartinho/SaoMartinho/SAP/NewInsumos/GlobalQueries/SafraBrowser,SafraBrowser
TRX,SaoMartinho/SAP/NewInsumos/Ins_Upd_Insumos_Previsto,Ins_Upd_Insumos_Previsto
TRX,MES/ProduzirHardware/Transaction/AuditoriaFinalConfConsumo,AuditoriaFinalConfConsumo
TQSQ,/SaoMartinho/SaoMartinho/SAP/NewInsumos/Interfaces/GetInsumosPrevistoFromSafra,GetInsumosPrevistoFromSafra
TQSQ,/SaoMartinho/SaoMartinho/SAP/NewInsumos/Interfaces/GetRealInsumoFromData,GetRealInsumoFromData
TQSQ,/SaoMartinho/SaoMartinho/SAP/NewInsumos/Interfaces/GetSafraFromData,GetSafraFromData
TQSQ,/SaoMartinho/SaoMartinho/SAP/NewInsumos/Interfaces/InsertLogInterfacePrevisto,InsertLogInterfacePrevisto
TRX,SaoMartinho/SAP/NewInsumos/Interfaces/UploadPrevisto,UploadPrevisto
TRX,SaoMartinho/SAP/NewInsumos/Interfaces/UploadReal,UploadReal
TQXC,/SaoMartinho/SaoMartinho/SAP/NewInsumos/Interfaces/XCT_UploadPrevisto,XCT_UploadPrevisto
TQXC,/SaoMartinho/SaoMartinho/SAP/Queries/CtrlRecipeSyncron,CtrlRecipeSyncron
TQSQ,/SaoMartinho/SaoMartinho/SAP/Queries/Ger_Data_Features,Ger_Data_Features
TQSQ,/SaoMartinho/SaoMartinho/SAP/Queries/Ger_Features,Ger_Features
TQSQ,/SaoMartinho/SaoMartinho/SAP/Queries/Ger_ReceitasControle,Ger_ReceitasControle
TQXC,/SaoMartinho/SaoMartinho/SAP/Queries/Ger_Update_MSEL_MSHD,Ger_Update_MSEL_MSHD
TQSQ,/SaoMartinho/SaoMartinho/SAP/Queries/Ger_Update_SAP_MSEL,Ger_Update_SAP_MSEL
TQSQ,/SaoMartinho/SaoMartinho/SAP/Queries/Ger_Update_SAP_MSHD,Ger_Update_SAP_MSHD
TQXC,/SaoMartinho/SaoMartinho/SAP/Queries/GetFilePrevAcum,GetFilePrevAcum
TQXC,/SaoMartinho/SaoMartinho/SAP/Queries/GetFilePrevReal,GetFilePrevReal
TQSQ,/SaoMartinho/SaoMartinho/SAP/Queries/GetSchedStartOrderFixedQuery,GetSchedStartOrderFixedQuery
TQSQ,/SaoMartinho/SaoMartinho/SAP/Queries/Get_Calendar_NUBV_InsertQuery,Get_Calendar_NUBV_InsertQuery
TQSQ,/SaoMartinho/SaoMartinho/SAP/Queries/Get_Calendar_NUBV_SelectQuery,Get_Calendar_NUBV_SelectQuery
TQSQ,/SaoMartinho/SaoMartinho/SAP/Queries/Get_Calendar_NUBV_UpdateQuery,Get_Calendar_NUBV_UpdateQuery
TQSQ,/SaoMartinho/SaoMartinho/SAP/Queries/Get_Calendar_UBV_InsertQuery,Get_Calendar_UBV_InsertQuery
TQSQ,/SaoMartinho/SaoMartinho/SAP/Queries/Get_Calendar_UBV_SelectQuery,Get_Calendar_UBV_SelectQuery
TQSQ,/SaoMartinho/SaoMartinho/SAP/Queries/Get_Calendar_UBV_UpdateQuery,Get_Calendar_UBV_UpdateQuery
TQSQ,/SaoMartinho/SaoMartinho/SAP/Queries/Get_Mat_Storage,Get_Mat_Storage
TQSQ,/SaoMartinho/SaoMartinho/SAP/Queries/Get_ParadaMoenda,Get_ParadaMoenda
TQSQ,/SaoMartinho/SaoMartinho/SAP/Queries/Get_Products,Get_Products
TQXC,/SaoMartinho/SaoMartinho/SAP/Queries/Get_QtdLote,Get_QtdLote
TQSQ,/SaoMartinho/SaoMartinho/SAP/Queries/Get_Tipo_Indicador,Get_Tipo_Indicador
TQSQ,/SaoMartinho/SaoMartinho/SAP/Queries/Insert_Meta_Safra,Insert_Meta_Safra
TQSQ,/SaoMartinho/SaoMartinho/SAP/Queries/Insert_Real_Safra,Insert_Real_Safra
TQXC,/SaoMartinho/SaoMartinho/SAP/Queries/InsumosManualXacuteQuery,InsumosManualXacuteQuery
TQSQ,/SaoMartinho/SaoMartinho/SAP/Queries/InsumosMaterialBrowser,InsumosMaterialBrowser
TQSQ,/SaoMartinho/SaoMartinho/SAP/Queries/InsumosRealDataSelectQuery,InsumosRealDataSelectQuery
TQSQ,/SaoMartinho/SaoMartinho/SAP/Queries/IntSAP_CrtlRecipe_Insert_CRFT,IntSAP_CrtlRecipe_Insert_CRFT
TQSQ,/SaoMartinho/SaoMartinho/SAP/Queries/IntSAP_CrtlRecipe_Insert_CRFV,IntSAP_CrtlRecipe_Insert_CRFV
TQSQ,/SaoMartinho/SaoMartinho/SAP/Queries/IntSAP_CrtlRecipe_Insert_CRHE,IntSAP_CrtlRecipe_Insert_CRHE
TQSQ,/SaoMartinho/SaoMartinho/SAP/Queries/IntSAP_CrtlRecipe_SEL_CRHE,IntSAP_CrtlRecipe_SEL_CRHE
TQSQ,/SaoMartinho/SaoMartinho/SAP/Queries/IntSAP_CrtlRecipe_SEL_INSTRUCTIONSMAPPING,IntSAP_CrtlRecipe_SEL_INSTRUCTIONSMAPPING
TQSQ,/SaoMartinho/SaoMartinho/SAP/Queries/IntSAP_CrtlRecipe_Update_CRHE,IntSAP_CrtlRecipe_Update_CRHE
TQSQ,/SaoMartinho/SaoMartinho/SAP/Queries/IntSAP_ParadaMoenda_Insert,IntSAP_ParadaMoenda_Insert
TQSQ,/SaoMartinho/SaoMartinho/SAP/Queries/IntSAP_ParadaMoenda_Update,IntSAP_ParadaMoenda_Update
TQSQ,/SaoMartinho/SaoMartinho/SAP/Queries/IntSAP_SAP_MSEL_Insert,IntSAP_SAP_MSEL_Insert
TQSQ,/SaoMartinho/SaoMartinho/SAP/Queries/IntSAP_SAP_MSHD_Insert,IntSAP_SAP_MSHD_Insert
TQSQ,/SaoMartinho/SaoMartinho/SAP/Queries/IntSAP_SistAgricola_Insert_ZCAN01,IntSAP_SistAgricola_Insert_ZCAN01
TQSQ,/SaoMartinho/SaoMartinho/SAP/Queries/IntSAP_SistAgricola_Insert_ZCAN02,IntSAP_SistAgricola_Insert_ZCAN02
TQSQ,/SaoMartinho/SaoMartinho/SAP/Queries/IntSAP_SistAgricola_Insert_ZCAN03,IntSAP_SistAgricola_Insert_ZCAN03
TQSQ,/SaoMartinho/SaoMartinho/SAP/Queries/IntSAP_SistAgricola_Insert_ZCAN04,IntSAP_SistAgricola_Insert_ZCAN04
TQSQ,/SaoMartinho/SaoMartinho/SAP/Queries/IntSAP_SistAgricola_Insert_ZCAN05,IntSAP_SistAgricola_Insert_ZCAN05
TQSQ,/SaoMartinho/SaoMartinho/SAP/Queries/IntSAP_SistAgricola_Query_ZCAN01_ZCAN03,IntSAP_SistAgricola_Query_ZCAN01_ZCAN03
TQSQ,/SaoMartinho/SaoMartinho/SAP/Queries/IntSAP_SistAgricola_Query_ZCAN02,IntSAP_SistAgricola_Query_ZCAN02
TQSQ,/SaoMartinho/SaoMartinho/SAP/Queries/IntSAP_SistAgricola_Query_ZCAN04,IntSAP_SistAgricola_Query_ZCAN04
TQSQ,/SaoMartinho/SaoMartinho/SAP/Queries/IntSAP_SistAgricola_Query_ZCAN05,IntSAP_SistAgricola_Query_ZCAN05
TQSQ,/SaoMartinho/SaoMartinho/SAP/Queries/IntSAP_SistAgricola_Update_ZCAN01,IntSAP_SistAgricola_Update_ZCAN01
TQSQ,/SaoMartinho/SaoMartinho/SAP/Queries/IntSAP_SistAgricola_Update_ZCAN02,IntSAP_SistAgricola_Update_ZCAN02
TQSQ,/SaoMartinho/SaoMartinho/SAP/Queries/IntSAP_SistAgricola_Update_ZCAN03,IntSAP_SistAgricola_Update_ZCAN03
TQSQ,/SaoMartinho/SaoMartinho/SAP/Queries/IntSAP_SistAgricola_Update_ZCAN04,IntSAP_SistAgricola_Update_ZCAN04
TQSQ,/SaoMartinho/SaoMartinho/SAP/Queries/IntSAP_SistAgricola_Update_ZCAN05,IntSAP_SistAgricola_Update_ZCAN05
TQXC,/SaoMartinho/SaoMartinho/SAP/Queries/MonitorInterfaceSAPXacute,MonitorInterfaceSAPXacute
TQXC,/SaoMartinho/SaoMartinho/SAP/Queries/MonitorIntGetXMLXacute,MonitorIntGetXMLXacute
TQSQ,/SaoMartinho/SaoMartinho/SAP/Queries/MonitorIntReadInterfaceList,MonitorIntReadInterfaceList
TQXC,/SaoMartinho/SaoMartinho/SAP/Queries/MonitorIntReadInterfaceListXacute,MonitorIntReadInterfaceListXacute
TQSQ,/SaoMartinho/SaoMartinho/SAP/Queries/Select_Meta_Safra,Select_Meta_Safra
TQSQ,/SaoMartinho/SaoMartinho/SAP/Queries/Select_Real_Safra,Select_Real_Safra
TQSQ,/SaoMartinho/SaoMartinho/SAP/Queries/Teste_Edinei,Teste_Edinei
TQSQ,/SaoMartinho/SaoMartinho/SAP/Queries/Update_Meta_Safra,Update_Meta_Safra
TQSQ,/SaoMartinho/SaoMartinho/SAP/Queries/Update_Real_Safra,Update_Real_Safra
TQSQ,/SaoMartinho/SaoMartinho/SAP/Queries/Verif_MSID_Exist,Verif_MSID_Exist
TQXC,/SaoMartinho/SaoMartinho/SAP/Queries/Xct_Add_Qtd_Lote,Xct_Add_Qtd_Lote
TQXC,/SaoMartinho/SaoMartinho/SAP/Queries/Xct_Cancel_CtrlRecipe,Xct_Cancel_CtrlRecipe
TQXC,/SaoMartinho/SaoMartinho/SAP/Queries/Xct_Features,Xct_Features
TQXC,/SaoMartinho/SaoMartinho/SAP/Queries/Xct_Grid_Insumos_Previsto,Xct_Grid_Insumos_Previsto
TQXC,/SaoMartinho/SaoMartinho/SAP/Queries/Xct_Import_Insumos_Previsto_SafraAnt,Xct_Import_Insumos_Previsto_SafraAnt
TQXC,/SaoMartinho/SaoMartinho/SAP/Queries/Xct_Instructions,Xct_Instructions
TQXC,/SaoMartinho/SaoMartinho/SAP/Queries/Xct_Ins_Upd_Insumos_Previsto,Xct_Ins_Upd_Insumos_Previsto
TQXC,/SaoMartinho/SaoMartinho/SAP/Queries/Xct_ReceitasControle,Xct_ReceitasControle
TQXC,/SaoMartinho/SaoMartinho/SAP/Queries/Xct_Send_Order,Xct_Send_Order
TQXC,/SaoMartinho/SaoMartinho/SAP/Queries/Xct_SistAgricola,Xct_SistAgricola
TQXC,/SaoMartinho/SaoMartinho/SAP/Queries/Xct_Status_Details,Xct_Status_Details
TQXC,/SaoMartinho/SaoMartinho/SAP/Queries/Xct_Status_Moviments,Xct_Status_Moviments
TRX,SaoMartinho/SAP/Transactions/CancelCrtlRecipe,CancelCrtlRecipe
TRX,SaoMartinho/SAP/Transactions/Ger_Add_Qtd_Lote,Ger_Add_Qtd_Lote
TRX,SaoMartinho/SAP/Transactions/Ger_CrtlRecipe,Ger_CrtlRecipe
TRX,SaoMartinho/SAP/Transactions/Ger_Features,Ger_Features
TRX,SaoMartinho/SAP/Transactions/Ger_Movimentos_Details,Ger_Movimentos_Details
TRX,SaoMartinho/SAP/Transactions/Ger_Movimentos_Status,Ger_Movimentos_Status
TRX,SaoMartinho/SAP/Transactions/Ger_Update_MSEL_MSHD,Ger_Update_MSEL_MSHD
TRX,SaoMartinho/SAP/Transactions/Get_Calendar,Get_Calendar
TRX,SaoMartinho/SAP/Transactions/Get_Instructions,Get_Instructions
TRX,SaoMartinho/SAP/Transactions/Grid_Insumos_Previsto,Grid_Insumos_Previsto
TRX,SaoMartinho/SAP/Transactions/Import_Insumos_Previsto_SafraAnt,Import_Insumos_Previsto_SafraAnt
TRX,SaoMartinho/SAP/Transactions/InsSAP_UpdateKPIs,InsSAP_UpdateKPIs
TRX,SaoMartinho/SAP/Transactions/Ins_Upd_Insumos_Previsto,Ins_Upd_Insumos_Previsto
TRX,SaoMartinho/SAP/Transactions/IntSAP_Characteristics,IntSAP_Characteristics
TRX,SaoMartinho/SAP/Transactions/IntSAP_Characters_Decode,IntSAP_Characters_Decode
TRX,SaoMartinho/SAP/Transactions/IntSAP_CrtlRecipe_Download,IntSAP_CrtlRecipe_Download
TRX,SaoMartinho/SAP/Transactions/IntSAP_CrtlRecipe_Process,IntSAP_CrtlRecipe_Process
TRX,SaoMartinho/SAP/Transactions/IntSAP_CrtlRecipe_Send,IntSAP_CrtlRecipe_Send
TRX,SaoMartinho/SAP/Transactions/IntSAP_CrtlRecipe_Send_Sync,IntSAP_CrtlRecipe_Send_Sync
TRX,SaoMartinho/SAP/Transactions/IntSAP_Exceptions,IntSAP_Exceptions
TRX,SaoMartinho/SAP/Transactions/IntSAP_InsertField_Metricas,IntSAP_InsertField_Metricas
TRX,SaoMartinho/SAP/Transactions/IntSAP_Insumos_Manual,IntSAP_Insumos_Manual
TRX,SaoMartinho/SAP/Transactions/IntSAP_Insumos_Real,IntSAP_Insumos_Real
TRX,SaoMartinho/SAP/Transactions/IntSAP_Metricas,IntSAP_Metricas
TRX,SaoMartinho/SAP/Transactions/IntSAP_Paradas_Moenda,IntSAP_Paradas_Moenda
TRX,SaoMartinho/SAP/Transactions/IntSAP_Previ_Real,IntSAP_Previ_Real
TRX,SaoMartinho/SAP/Transactions/IntSAP_Prev_Acum_RFC,IntSAP_Prev_Acum_RFC
TRX,SaoMartinho/SAP/Transactions/IntSAP_Prev_Acum_TXT,IntSAP_Prev_Acum_TXT
TRX,SaoMartinho/SAP/Transactions/IntSAP_Prev_Meta_RFC,IntSAP_Prev_Meta_RFC
TRX,SaoMartinho/SAP/Transactions/IntSAP_Prev_Real_RFC,IntSAP_Prev_Real_RFC
TRX,SaoMartinho/SAP/Transactions/IntSAP_Prev_Real_RFC_All,IntSAP_Prev_Real_RFC_All
TRX,SaoMartinho/SAP/Transactions/IntSAP_Prev_Real_RFC_KPIs,IntSAP_Prev_Real_RFC_KPIs
TRX,SaoMartinho/SAP/Transactions/IntSAP_Prev_Real_RFC_Sched,IntSAP_Prev_Real_RFC_Sched
TRX,SaoMartinho/SAP/Transactions/IntSAP_Prev_Real_SAP,IntSAP_Prev_Real_SAP
TRX,SaoMartinho/SAP/Transactions/IntSAP_Prev_Real_SAP_Retroativo_TESTE,IntSAP_Prev_Real_SAP_Retroativo_TESTE
TRX,SaoMartinho/SAP/Transactions/IntSAP_Prev_Real_SAP_Retroativo,IntSAP_Prev_Real_SAP_Retroativo
TRX,SaoMartinho/SAP/Transactions/IntSAP_Prev_Real_SAP_Retroativo_PREVREAL,IntSAP_Prev_Real_SAP_Retroativo_PREVREAL
TRX,SaoMartinho/SAP/Transactions/IntSAP_Prev_Real_SAP_Retroativo_PROD,IntSAP_Prev_Real_SAP_Retroativo_PROD
TRX,SaoMartinho/SAP/Transactions/IntSAP_Prev_Real_SAP_Retroativo_SAFRA,IntSAP_Prev_Real_SAP_Retroativo_SAFRA
TRX,SaoMartinho/SAP/Transactions/IntSAP_Prev_Real_SAP_TAB,IntSAP_Prev_Real_SAP_TAB
TRX,SaoMartinho/SAP/Transactions/IntSAP_Prev_Real_TXT,IntSAP_Prev_Real_TXT
TRX,SaoMartinho/SAP/Transactions/IntSAP_Prev_Real_TXT_CargaPeriodo,IntSAP_Prev_Real_TXT_CargaPeriodo
TRX,SaoMartinho/SAP/Transactions/IntSAP_Qtd_Lote,IntSAP_Qtd_Lote
TRX,SaoMartinho/SAP/Transactions/IntSAP_Sched_Metrics,IntSAP_Sched_Metrics
TRX,SaoMartinho/SAP/Transactions/IntSAP_SistAgricola_IDOC_Receiver,IntSAP_SistAgricola_IDOC_Receiver
TRX,SaoMartinho/SAP/Transactions/IntSAP_UpdateSequence,IntSAP_UpdateSequence
TRX,SaoMartinho/SAP/Transactions/MonitorIntReadInterfaceList,MonitorIntReadInterfaceList
TRX,SaoMartinho/SAP/Transactions/TMP_IntSAP_Prev_Real,TMP_IntSAP_Prev_Real
TRX,SaoMartinho/SAP/Transactions/XX_IntSAP_Prev_Real_SAP_Debug,XX_IntSAP_Prev_Real_SAP_Debug
TRX,SaoMartinho/SAP/Transactions/Z_TESTE_TAB,Z_TESTE_TAB
TQSQ,/SaoMartinho/SaoMartinho/TSA/Query/qryLeDadosAt,qryLeDadosAt
TQSQ,/SaoMartinho/SaoMartinho/TSA/Query/qryLeHistorico,qryLeHistorico
TQSQ,/SaoMartinho/SaoMartinho/TSA/Query/qryListaTag,qryListaTag
TRX,SaoMartinho/TSA/Transaction/trxLeDadosAt,trxLeDadosAt
TRX,SaoMartinho/TSA/Transaction/trxLeHistorico,trxLeHistorico
TRX,SaoMartinho/TSA/Transaction/trxListaTag,trxListaTag
TQSQ,/SaoMartinho/SaoMartinho/USM/PN/QUERY/EC_UIR,EC_UIR
TQSQ,/SaoMartinho/SaoMartinho/USM/PN/QUERY/EC_UIR_DataSource,EC_UIR_DataSource
TQSQ,/SaoMartinho/SaoMartinho/USM/PN/QUERY/EC_USC,EC_USC
TQSQ,/SaoMartinho/SaoMartinho/USM/PN/QUERY/EC_USC_DataSource,EC_USC_DataSource
TQSQ,/SaoMartinho/SaoMartinho/USM/PN/QUERY/ED_USM,ED_USM
TQSQ,/SaoMartinho/SaoMartinho/USM/PN/QUERY/InsertPrevistos,InsertPrevistos
TQSQ,/SaoMartinho/SaoMartinho/USM/PN/QUERY/LISTA_LIMITES_PAINEL,LISTA_LIMITES_PAINEL
TQSQ,/SaoMartinho/SaoMartinho/USM/PN/QUERY/PainelSetorSelectQuery,PainelSetorSelectQuery
TQSQ,/SaoMartinho/SaoMartinho/USM/PN/QUERY/RT_UIR,RT_UIR
TQSQ,/SaoMartinho/SaoMartinho/USM/PN/QUERY/RT_UIR_DataSource,RT_UIR_DataSource
TQSQ,/SaoMartinho/SaoMartinho/USM/PN/QUERY/RT_USC,RT_USC
TQSQ,/SaoMartinho/SaoMartinho/USM/PN/QUERY/RT_USC_DataSource,RT_USC_DataSource
TQSQ,/SaoMartinho/SaoMartinho/USM/PN/QUERY/RT_USM,RT_USM
TQSQ,/SaoMartinho/SaoMartinho/USM/PN/QUERY/SP_DIRETRIZ_MANTER,SP_DIRETRIZ_MANTER
TQSQ,/SaoMartinho/SaoMartinho/USM/PN/QUERY/SP_DIRETRIZ_SELECT,SP_DIRETRIZ_SELECT
TQSQ,/SaoMartinho/SaoMartinho/USM/PN/QUERY/SP_GET_PAINEL_AREA,SP_GET_PAINEL_AREA
TQSQ,/SaoMartinho/SaoMartinho/USM/PN/QUERY/SP_INSERIR_CARAC_AREA,SP_INSERIR_CARAC_AREA
TQSQ,/SaoMartinho/SaoMartinho/USM/PN/QUERY/SP_INSERIR_ENSAIO,SP_INSERIR_ENSAIO
TQSQ,/SaoMartinho/SaoMartinho/USM/PN/QUERY/SP_INSERIR_LCL_COLETA,SP_INSERIR_LCL_COLETA
TQSQ,/SaoMartinho/SaoMartinho/USM/PN/QUERY/SP_INSERIR_LOG,SP_INSERIR_LOG
TQSQ,/SaoMartinho/SaoMartinho/USM/PN/QUERY/SP_INSERIR_MATERIAL,SP_INSERIR_MATERIAL
TQSQ,/SaoMartinho/SaoMartinho/USM/PN/QUERY/SP_INSERIR_RESULTADO,SP_INSERIR_RESULTADO
TQSQ,/SaoMartinho/SaoMartinho/USM/PN/QUERY/SP_INSERIR_TP_ANALISE,SP_INSERIR_TP_ANALISE
TQSQ,/SaoMartinho/SaoMartinho/USM/PN/QUERY/SP_INSERT_AREA,SP_INSERT_AREA
TQSQ,/SaoMartinho/SaoMartinho/USM/PN/QUERY/SP_INSERT_ENSAIO_AREA,SP_INSERT_ENSAIO_AREA
TQSQ,/SaoMartinho/SaoMartinho/USM/PN/QUERY/SP_INSERT_MATERIAL_AREA,SP_INSERT_MATERIAL_AREA
TQSQ,/SaoMartinho/SaoMartinho/USM/PN/QUERY/SP_LIMPA_LOG,SP_LIMPA_LOG
TQSQ,/SaoMartinho/SaoMartinho/USM/PN/QUERY/SP_MANTER_GANALISE,SP_MANTER_GANALISE
TQSQ,/SaoMartinho/SaoMartinho/USM/PN/QUERY/SP_SELECT_AREA_SETOR,SP_SELECT_AREA_SETOR
TQSQ,/SaoMartinho/SaoMartinho/USM/PN/QUERY/SP_SELECT_CARAC_AREA,SP_SELECT_CARAC_AREA
TQSQ,/SaoMartinho/SaoMartinho/USM/PN/QUERY/SP_SELECT_CARAC_TABELA,SP_SELECT_CARAC_TABELA
TQSQ,/SaoMartinho/SaoMartinho/USM/PN/QUERY/SP_SELECT_COUNT_GRUPO,SP_SELECT_COUNT_GRUPO
TQSQ,/SaoMartinho/SaoMartinho/USM/PN/QUERY/SP_SELECT_ENSAIO_AREA,SP_SELECT_ENSAIO_AREA
TQSQ,/SaoMartinho/SaoMartinho/USM/PN/QUERY/SP_SELECT_ENSAIO_GRP,SP_SELECT_ENSAIO_GRP
TQSQ,/SaoMartinho/SaoMartinho/USM/PN/QUERY/SP_SELECT_ENSAIO_LIMITE,SP_SELECT_ENSAIO_LIMITE
TQSQ,/SaoMartinho/SaoMartinho/USM/PN/QUERY/SP_SELECT_GRP_ANALISE,SP_SELECT_GRP_ANALISE
TQSQ,/SaoMartinho/SaoMartinho/USM/PN/QUERY/SP_SELECT_GRP_CARAC,SP_SELECT_GRP_CARAC
TQSQ,/SaoMartinho/SaoMartinho/USM/PN/QUERY/SP_SELECT_GRUPO,SP_SELECT_GRUPO
TQSQ,/SaoMartinho/SaoMartinho/USM/PN/QUERY/SP_SELECT_INDICADOR,SP_SELECT_INDICADOR
TQSQ,/SaoMartinho/SaoMartinho/USM/PN/QUERY/SP_SELECT_MATERIAL_AREA,SP_SELECT_MATERIAL_AREA
TQSQ,/SaoMartinho/SaoMartinho/USM/PN/QUERY/SP_SELECT_MATERIAL_GRP_ANALISE,SP_SELECT_MATERIAL_GRP_ANALISE
TQSQ,/SaoMartinho/SaoMartinho/USM/PN/QUERY/SP_SELECT_PAINEL_CARAC,SP_SELECT_PAINEL_CARAC
TQSQ,/SaoMartinho/SaoMartinho/USM/PN/QUERY/SP_SELECT_PAINEL_MATERIAL,SP_SELECT_PAINEL_MATERIAL
TQSQ,/SaoMartinho/SaoMartinho/USM/PN/QUERY/SP_SELECT_PAINEL_VALOR,SP_SELECT_PAINEL_VALOR
TQSQ,/SaoMartinho/SaoMartinho/USM/PN/QUERY/SP_SELECT_PREVI_MOAGEM,SP_SELECT_PREVI_MOAGEM
TQSQ,/SaoMartinho/SaoMartinho/USM/PN/QUERY/SP_UPDATE_LIMITE,SP_UPDATE_LIMITE
TQSQ,/SaoMartinho/SaoMartinho/USM/PN/QUERY/SP_USM_PAINEL_INSERT_SETOR,SP_USM_PAINEL_INSERT_SETOR
TRX,SaoMartinho/USM/PN/TRANSACTION/InsertPrevistos,InsertPrevistos
TRX,SaoMartinho/USM/PN/TRANSACTION/LimpaLogPainel,LimpaLogPainel
TRX,SaoMartinho/USM/PN/TRANSACTION/PainelUSMMetasTransaction,PainelUSMMetasTransaction
TRX,SaoMartinho/USM/PN/TRANSACTION/SincResultados,SincResultados
TRX,SaoMartinho/USM/PN/TRANSACTION/SincResultados1,SincResultados1
TQXC,/SaoMartinho/SaoMartinho/VP/Queries/IndicadorXacuteQuery,IndicadorXacuteQuery
TRX,SaoMartinho/VP/Transactions/GridTransaction,GridTransaction
TQSQ,/SaoMartinho/SaoMartinho/WebService/Queries/WebService_Safra_Plano,WebService_Safra_Plano
TQSQ,/SaoMartinho/SaoMartinho/WebService/Queries/WebService_Safra_Real,WebService_Safra_Real
TRX,SaoMartinho/WebService/Transactions/WebServiceSafraPlanoTransaction,WebServiceSafraPlanoTransaction
TRX,SaoMartinho/WebService/Transactions/WebServiceSafraTransaction,WebServiceSafraTransaction
TQXC,/SAP/SAP/Manufacturing/CompositeApplications/AssetVisibility/Configuration/ContentDefinition/DeleteReportXQuery,DeleteReportXQuery
TQXC,/SAP/SAP/Manufacturing/CompositeApplications/AssetVisibility/Configuration/ContentDefinition/UpdateReportNameXQuery,UpdateReportNameXQuery
TQXC,/SAP/SAP/Manufacturing/CompositeApplications/AssetVisibility/Configuration/ContentUpload/DeleteUploadedContentXQuery,DeleteUploadedContentXQuery
TQXC,/SAP/SAP/Manufacturing/CompositeApplications/AssetVisibility/Configuration/ContentUpload/GetListOfUploadedContentXQuery,GetListOfUploadedContentXQuery
TQXC,/SAP/SAP/Manufacturing/CompositeApplications/AssetVisibility/Configuration/Initialize/InitiallyConfigureAssetVisibilityXQuery,InitiallyConfigureAssetVisibilityXQuery
TQXC,/SAP/SAP/Manufacturing/CompositeApplications/AssetVisibility/MultiTagCurrentDataCombinerXQuery,MultiTagCurrentDataCombinerXQuery
TQXC,/SAP/SAP/Manufacturing/CompositeApplications/AssetVisibility/ReportLayoutDefinitionXQuery,ReportLayoutDefinitionXQuery
TRX,UBV_COI/Ocorrencias/deleteAnexoOcorr,deleteAnexoOcorr
TRX,UBV_COI/Ocorrencias/deleteOcorrencia,deleteOcorrencia
TRX,UBV_COI/Ocorrencias/excluirComentario,excluirComentario
TRX,UBV_COI/Ocorrencias/excluirEmail,excluirEmail
TRX,UBV_COI/Ocorrencias/excluirEquipamento,excluirEquipamento
TRX,UBV_COI/Ocorrencias/fecharTurno,fecharTurno
TQSQ,/UBV_COI/UBV_COI/Ocorrencias/getAreas,getAreas
TQSQ,/UBV_COI/UBV_COI/Ocorrencias/getComentarios,getComentarios
TQSQ,/UBV_COI/UBV_COI/Ocorrencias/getEmails,getEmails
TRX,UBV_COI/Ocorrencias/getEquipamentos,getEquipamentos
TQSQ,/UBV_COI/UBV_COI/Ocorrencias/getEquipamentosCombo,getEquipamentosCombo
TQSQ,/UBV_COI/UBV_COI/Ocorrencias/getEquipamentosSql,getEquipamentosSql
TQSQ,/UBV_COI/UBV_COI/Ocorrencias/getMotivos,getMotivos
TQSQ,/UBV_COI/UBV_COI/Ocorrencias/getOcorPorAreas,getOcorPorAreas
TQSQ,/UBV_COI/UBV_COI/Ocorrencias/getOcorPorMotivos,getOcorPorMotivos
TQSQ,/UBV_COI/UBV_COI/Ocorrencias/getOcorPorStatus,getOcorPorStatus
TRX,UBV_COI/Ocorrencias/getOcorrencias,getOcorrencias
TQSQ,/UBV_COI/UBV_COI/Ocorrencias/getOcorrenciasArquivos,getOcorrenciasArquivos
TRX,UBV_COI/Ocorrencias/getOcorrenciasCSV,getOcorrenciasCSV
TQSQ,/UBV_COI/UBV_COI/Ocorrencias/getStatus,getStatus
TQSQ,/UBV_COI/UBV_COI/Ocorrencias/getTurnos,getTurnos
TRX,UBV_COI/Ocorrencias/inserirComentario,inserirComentario
TRX,UBV_COI/Ocorrencias/inserirEmail,inserirEmail
TRX,UBV_COI/Ocorrencias/inserirEquipamento,inserirEquipamento
TRX,UBV_COI/Ocorrencias/inserirOcorrencia,inserirOcorrencia
TQSQ,/UBV_COI/UBV_COI/Ocorrencias/SP_ExcluirComentario,SP_ExcluirComentario
TQSQ,/UBV_COI/UBV_COI/Ocorrencias/SP_ExcluirEmail,SP_ExcluirEmail
TQSQ,/UBV_COI/UBV_COI/Ocorrencias/SP_ExcluirEquipamento,SP_ExcluirEquipamento
TQSQ,/UBV_COI/UBV_COI/Ocorrencias/SP_ExcluirOcorrencia,SP_ExcluirOcorrencia
TQSQ,/UBV_COI/UBV_COI/Ocorrencias/SP_GetOcorrencias,SP_GetOcorrencias
TQSQ,/UBV_COI/UBV_COI/Ocorrencias/SP_InseriOcorrencia,SP_InseriOcorrencia
TQSQ,/UBV_COI/UBV_COI/Ocorrencias/SP_InserirComentario,SP_InserirComentario
TQSQ,/UBV_COI/UBV_COI/Ocorrencias/SP_InserirEmail,SP_InserirEmail
TQSQ,/UBV_COI/UBV_COI/Ocorrencias/SP_InserirEquipamento,SP_InserirEquipamento
TQSQ,/UBV_COI/UBV_COI/Ocorrencias/SP_UpdateComentario,SP_UpdateComentario
TQSQ,/UBV_COI/UBV_COI/Ocorrencias/SP_UpdateEquipamento,SP_UpdateEquipamento
TQSQ,/UBV_COI/UBV_COI/Ocorrencias/SP_UpdateOcorrencia,SP_UpdateOcorrencia
TQSQ,/UBV_COI/UBV_COI/Ocorrencias/SP_UpdateOcorrenciaArquivo,SP_UpdateOcorrenciaArquivo
TQSQ,/UBV_COI/UBV_COI/Ocorrencias/Untitled,Untitled
TRX,UBV_COI/Ocorrencias/updateComentario,updateComentario
TRX,UBV_COI/Ocorrencias/updateEquipamento,updateEquipamento
TRX,UBV_COI/Ocorrencias/updateOcorrencia,updateOcorrencia
TRX,UBV_COI/Ocorrencias/updateOcorrenciaArquivo,updateOcorrenciaArquivo
